{
  "agent": {
    "total_return": 0.14296336892138428,
    "annualized_return": 0.10674768498432274,
    "cagr": 0.10845466755542077,
    "volatility": 0.025294728839170964,
    "sharpe": 1.0885717693809278,
    "sortino": 1.2391168990850816,
    "calmar": 6.648305156289021,
    "max_drawdown": 0.0160563756438502,
    "var": 0.0017306521107731613,
    "cvar": 0.0032858295949787213,
    "mean_daily_turnover": 0.007160457294386549,
    "annualized_turnover": 1.8044352381854105,
    "transaction_cost_drag": 0.000851577226889666,
    "win_rate": 0.6746987951807228,
    "information_ratio": -0.253624626396114,
    "final_apv": 1.1429633689213843,
    "allocation_entropy": 0.13669691690706162,
    "effective_n_holdings": 1.2628093261576379,
    "mean_cash_weight": 0.8943438388137932,
    "frac_days_cash_gt90": 0.5542168674698795,
    "frac_days_single_name_gt70": 0.0,
    "argmax_switches": 0,
    "mean_position_lifetime": 10.555555555555555,
    "total_return_ci": [
      0.14296336892138117,
      0.08296537129961128,
      0.21456261139814187
    ],
    "sharpe_ci": [
      1.0885717693809278,
      -0.6371222602470767,
      3.4038908523418807
    ]
  },
  "baselines": {
    "ubah": {
      "total_return": 0.1857677957331716,
      "annualized_return": 0.13806851839879908,
      "cagr": 0.14030724356618585,
      "volatility": 0.1940153676582664,
      "sharpe": 0.38247277975761096,
      "sortino": 0.4917598855319761,
      "calmar": 0.7056595091449641,
      "max_drawdown": 0.19565883632191736,
      "var": 0.018049430615639905,
      "cvar": 0.027792772826399893,
      "mean_daily_turnover": 0.0029529884242853765,
      "annualized_turnover": 0.7441530829199149,
      "transaction_cost_drag": 0.00029411937720946746,
      "win_rate": 0.5481927710843374,
      "information_ratio": -0.01892122174956177,
      "final_apv": 1.1857677957331716,
      "allocation_entropy": 0.7587070318279536,
      "effective_n_holdings": 48.31049800164444,
      "mean_cash_weight": 0.01778656996671709,
      "frac_days_cash_gt90": 0.0,
      "frac_days_single_name_gt70": 0.0,
      "argmax_switches": 0,
      "mean_position_lifetime": 303.8333333333333,
      "total_return_ci": [
        0.18576779573317448,
        -0.25684621905930666,
        0.8438006799779856
      ],
      "sharpe_ci": [
        0.38247277975761096,
        -1.3752574505808721,
        2.399097536787563
      ]
    },
    "ucrp": {
      "total_return": 0.19529985494059132,
      "annualized_return": 0.1450059467968925,
      "cagr": 0.14736426579547168,
      "volatility": 0.19543177991899088,
      "sharpe": 0.41241722102502293,
      "sortino": 0.5267625743765039,
      "calmar": 0.7862327066909199,
      "max_drawdown": 0.1844313338314181,
      "var": 0.018208649265267912,
      "cvar": 0.028373465133023426,
      "mean_daily_turnover": 0.010104265209267481,
      "annualized_turnover": 2.5462748327354054,
      "transaction_cost_drag": 0.0017000954767556475,
      "win_rate": 0.5331325301204819,
      "information_ratio": 0.0709363193233935,
      "final_apv": 1.1952998549405913,
      "allocation_entropy": 0.7638329004097675,
      "effective_n_holdings": 51.0,
      "mean_cash_weight": 0.019607843137254898,
      "frac_days_cash_gt90": 0.0,
      "frac_days_single_name_gt70": 0.0,
      "argmax_switches": 0,
      "mean_position_lifetime": 272.1311475409836,
      "total_return_ci": [
        0.19529985494059487,
        -0.23648954344315573,
        0.8639685372699353
      ],
      "sharpe_ci": [
        0.41241722102502293,
        -1.2756271811306554,
        2.4703931808604103
      ]
    },
    "best_stock": {
      "total_return": 1.7291668398277666,
      "annualized_return": 1.1427060471128199,
      "cagr": 1.167661866963435,
      "volatility": 0.33455734506343515,
      "sharpe": 2.2107711617024504,
      "sortino": 3.46088191671505,
      "calmar": 6.155315690341872,
      "max_drawdown": 0.18564540059347515,
      "var": 0.027617543394566884,
      "cvar": 0.040391028092850535,
      "mean_daily_turnover": 0.0030120481927710845,
      "annualized_turnover": 0.7590361445783133,
      "transaction_cost_drag": 0.00030000000003671534,
      "win_rate": 0.5391566265060241,
      "information_ratio": 1.6320337041834476,
      "final_apv": 2.7291668398277666,
      "allocation_entropy": 9.179037747600897e-10,
      "effective_n_holdings": 1.0,
      "mean_cash_weight": 0.0,
      "frac_days_cash_gt90": 0.0,
      "frac_days_single_name_gt70": 1.0,
      "argmax_switches": 0,
      "mean_position_lifetime": 332.0,
      "total_return_ci": [
        1.7291668398277587,
        0.1761616609155534,
        4.33701268170381
      ],
      "sharpe_ci": [
        2.2107711617024504,
        0.3160153450335391,
        3.6124499361239533
      ]
    },
    "random_portfolio": {
      "total_return": 0.15692607354195065,
      "annualized_return": 0.11699504160218765,
      "cagr": 0.11887450748227057,
      "volatility": 0.21584955939826994,
      "sharpe": 0.2773831599563717,
      "sortino": 0.35646755082916154,
      "calmar": 0.4952466351302792,
      "max_drawdown": 0.2362359141953807,
      "var": 0.01954659598796729,
      "cvar": 0.03078743318816628,
      "mean_daily_turnover": 0.002975359707009417,
      "annualized_turnover": 0.7497906461663731,
      "transaction_cost_drag": 0.000296346909757772,
      "win_rate": 0.5542168674698795,
      "information_ratio": -0.19595646993356464,
      "final_apv": 1.1569260735419507,
      "allocation_entropy": 0.6828074390286646,
      "effective_n_holdings": 26.770226323605907,
      "mean_cash_weight": 0.010928865521474714,
      "frac_days_cash_gt90": 0.0,
      "frac_days_single_name_gt70": 0.0,
      "argmax_switches": 0,
      "mean_position_lifetime": 163.30645161290323,
      "total_return_ci": [
        0.15692607354194976,
        -0.30949346662606825,
        0.910165798223007
      ],
      "sharpe_ci": [
        0.2773831599563717,
        -1.5018660389854919,
        2.3764319717484126
      ]
    },
    "random_rebalancing": {
      "total_return": 0.053731742299736984,
      "annualized_return": 0.04052600642313675,
      "cagr": 0.041154297009208696,
      "volatility": 0.20852482900955077,
      "sharpe": -0.06332967459500585,
      "sortino": -0.07842532037602071,
      "calmar": 0.18944383253960836,
      "max_drawdown": 0.21392095947311293,
      "var": 0.018140252936923174,
      "cvar": 0.030259374611410986,
      "mean_daily_turnover": 0.492761075519526,
      "annualized_turnover": 124.17579103092056,
      "transaction_cost_drag": 0.0914620172529087,
      "win_rate": 0.5030120481927711,
      "information_ratio": -1.0429878910944366,
      "final_apv": 1.053731742299737,
      "allocation_entropy": 0.6850223752005058,
      "effective_n_holdings": 26.73673041272739,
      "mean_cash_weight": 0.0207879518320221,
      "frac_days_cash_gt90": 0.0,
      "frac_days_single_name_gt70": 0.0,
      "argmax_switches": 0,
      "mean_position_lifetime": 2.4997513674788663,
      "total_return_ci": [
        0.053731742299735874,
        -0.31024533959336215,
        0.6718556717093065
      ],
      "sharpe_ci": [
        -0.06332967459500585,
        -1.5897405351994613,
        1.9426638004181775
      ]
    },
    "constant_cash": {
      "total_return": 0.10287941093035524,
      "annualized_return": 0.07716023230049229,
      "cagr": 0.07837747374956083,
      "volatility": 0.0008905330530689566,
      "sharpe": NaN,
      "sortino": NaN,
      "calmar": NaN,
      "max_drawdown": 0.0,
      "var": -0.0002458299999998914,
      "cvar": -0.0002458299999998914,
      "mean_daily_turnover": 0.0,
      "annualized_turnover": 0.0,
      "transaction_cost_drag": 0.0,
      "win_rate": 1.0,
      "information_ratio": -0.36301343243570083,
      "final_apv": 1.1028794109303552,
      "allocation_entropy": 9.179037747600897e-10,
      "effective_n_holdings": 1.0,
      "mean_cash_weight": 1.0,
      "frac_days_cash_gt90": 1.0,