{
  "agent": {
    "total_return": 0.19528177414816938,
    "annualized_return": 0.14499280025334604,
    "cagr": 0.14735089200392082,
    "volatility": 0.15622900644951102,
    "sharpe": 0.4717337286548703,
    "sortino": 0.5808669637730945,
    "calmar": 1.1224288250682712,
    "max_drawdown": 0.12917772335767208,
    "var": 0.013629133401579039,
    "cvar": 0.021864928721714506,
    "mean_daily_turnover": 0.03268572003113661,
    "annualized_turnover": 8.236801447846425,
    "transaction_cost_drag": 0.00535973290177616,
    "win_rate": 0.5572289156626506,
    "information_ratio": -0.016463399350266902,
    "final_apv": 1.1952817741481694,
    "allocation_entropy": 0.6189503256746042,
    "effective_n_holdings": 23.97782565218389,
    "mean_cash_weight": 0.2559717062198703,
    "frac_days_cash_gt90": 0.0,
    "frac_days_single_name_gt70": 0.0,
    "argmax_switches": 0,
    "mean_position_lifetime": 44.82700421940928,
    "total_return_ci": [
      0.1952817741481736,
      -0.10346131101742524,
      0.728910964906843
    ],
    "sharpe_ci": [
      0.4717337286548703,
      -1.0315696701241732,
      2.4930184605192687
    ]
  },
  "baselines": {
    "ubah": {
      "total_return": 0.1857677957331716,
      "annualized_return": 0.13806851839879908,
      "cagr": 0.14030724356618585,
      "volatility": 0.1940153676582664,
      "sharpe": 0.38247277975761096,
      "sortino": 0.4917598855319761,
      "calmar": 0.7056595091449641,
      "max_drawdown": 0.19565883632191736,
      "var": 0.018049430615639905,
      "cvar": 0.027792772826399893,
      "mean_daily_turnover": 0.0029529884242853765,
      "annualized_turnover": 0.7441530829199149,
      "transaction_cost_drag": 0.00029411937720946746,
      "win_rate": 0.5481927710843374,
      "information_ratio": -0.01892122174956177,
      "final_apv": 1.1857677957331716,
      "allocation_entropy": 0.7587070318279536,
      "effective_n_holdings": 48.31049800164444,
      "mean_cash_weight": 0.01778656996671709,
      "frac_days_cash_gt90": 0.0,
      "frac_days_single_name_gt70": 0.0,
      "argmax_switches": 0,
      "mean_position_lifetime": 303.8333333333333,
      "total_return_ci": [
        0.18576779573317448,
        -0.2362745412606987,
        0.8484036377469225
      ],
      "sharpe_ci": [
        0.38247277975761096,
        -1.270581089577495,
        2.3918527167534878
      ]
    },
    "ucrp": {
      "total_return": 0.19529985494059132,
      "annualized_return": 0.1450059467968925,
      "cagr": 0.14736426579547168,
      "volatility": 0.19543177991899088,
      "sharpe": 0.41241722102502293,
      "sortino": 0.5267625743765039,
      "calmar": 0.7862327066909199,
      "max_drawdown": 0.1844313338314181,
      "var": 0.018208649265267912,
      "cvar": 0.028373465133023426,
      "mean_daily_turnover": 0.010104265209267481,
      "annualized_turnover": 2.5462748327354054,
      "transaction_cost_drag": 0.0017000954767556475,
      "win_rate": 0.5331325301204819,
      "information_ratio": 0.0709363193233935,
      "final_apv": 1.1952998549405913,
      "allocation_entropy": 0.7638329004097675,
      "effective_n_holdings": 51.0,
      "mean_cash_weight": 0.019607843137254898,
      "frac_days_cash_gt90": 0.0,
      "frac_days_single_name_gt70": 0.0,
      "argmax_switches": 0,
      "mean_position_lifetime": 272.1311475409836,
      "total_return_ci": [
        0.19529985494059487,
        -0.22277034516990035,
        0.8579107488359362
      ],
      "sharpe_ci": [
        0.41241722102502293,
        -1.216672155881286,
        2.51423474035448
      ]
    },
    "best_stock": {
      "total_return": 1.7291668398277666,
      "annualized_return": 1.1427060471128199,
      "cagr": 1.167661866963435,
      "volatility": 0.33455734506343515,
      "sharpe": 2.2107711617024504,
      "sortino": 3.46088191671505,
      "calmar": 6.155315690341872,
      "max_drawdown": 0.18564540059347515,
      "var": 0.027617543394566884,
      "cvar": 0.040391028092850535,
      "mean_daily_turnover": 0.0030120481927710845,
      "annualized_turnover": 0.7590361445783133,
      "transaction_cost_drag": 0.00030000000003671534,
      "win_rate": 0.5391566265060241,
      "information_ratio": 1.6320337041834476,
      "final_apv": 2.7291668398277666,
      "allocation_entropy": 9.179037747600897e-10,
      "effective_n_holdings": 1.0,
      "mean_cash_weight": 0.0,
      "frac_days_cash_gt90": 0.0,
      "frac_days_single_name_gt70": 1.0,
      "argmax_switches": 0,
      "mean_position_lifetime": 332.0,
      "total_return_ci": [
        1.7291668398277587,
        0.12392196867139313,
        4.399893980046311
      ],
      "sharpe_ci": [
        2.2107711617024504,
        0.20792086841082277,
        3.6661305358874428
      ]
    },
    "random_portfolio": {
      "total_return": 0.14220321056135177,
      "annualized_return": 0.1061889348356575,
      "cagr": 0.10788655455741147,
      "volatility": 0.21728003409335417,
      "sharpe": 0.23214981902820425,
      "sortino": 0.2929330899114707,
      "calmar": 0.4327039890192783,
      "max_drawdown": 0.2454078019394604,
      "var": 0.019185128393174464,
      "cvar": 0.03076240142755732,
      "mean_daily_turnover": 0.0029688557456738597,
      "annualized_turnover": 0.7481516479098127,
      "transaction_cost_drag": 0.00029569930439465875,
      "win_rate": 0.5451807228915663,
      "information_ratio": -0.31044582043577146,
      "final_apv": 1.1422032105613518,
      "allocation_entropy": 0.6779397925408644,
      "effective_n_holdings": 24.76900988930905,
      "mean_cash_weight": 0.01299817287823221,
      "frac_days_cash_gt90": 0.0,
      "frac_days_single_name_gt70": 0.0,
      "argmax_switches": 0,
      "mean_position_lifetime": 90.50961538461539,
      "total_return_ci": [
        0.14220321056135554,
        -0.30229826512935104,
        0.9082681682246253
      ],
      "sharpe_ci": [
        0.23214981902820425,
        -1.437819568930439,
        2.362502538012251
      ]
    },
    "random_rebalancing": {
      "total_return": -0.0046679716028694695,
      "annualized_return": -0.0035451557210312012,
      "cagr": -0.0035989269457578077,
      "volatility": 0.19685673659773462,
      "sharpe": -0.2997587412198681,
      "sortino": -0.38869989342971867,
      "calmar": -0.015721299769164036,
      "max_drawdown": 0.22550016684909963,
      "var": 0.018296895890569882,
      "cvar": 0.02927157052798186,
      "mean_daily_turnover": 0.4992591361049861,
      "annualized_turnover": 125.8133022984565,
      "transaction_cost_drag": 0.09258322707970779,
      "win_rate": 0.5090361445783133,
      "information_ratio": -1.6775045431929465,
      "final_apv": 0.9953320283971305,
      "allocation_entropy": 0.6838873555863475,
      "effective_n_holdings": 26.471777928330813,
      "mean_cash_weight": 0.019976815797270404,
      "frac_days_cash_gt90": 0.0,
      "frac_days_single_name_gt70": 0.0,
      "argmax_switches": 0,
      "mean_position_lifetime": 2.498876965310706,
      "total_return_ci": [
        -0.004667971602870358,
        -0.35126006421918726,
        0.5308862970837118
      ],
      "sharpe_ci": [
        -0.2997587412198681,
        -1.8588774603417824,
        1.5642059661365835
      ]
    },
    "constant_cash": {
      "total_return": 0.10287941093035524,
      "annualized_return": 0.07716023230049229,
      "cagr": 0.07837747374956083,
      "volatility": 0.0008905330530689566,
      "sharpe": NaN,
      "sortino": NaN,
      "calmar": NaN,
      "max_drawdown": 0.0,
      "var": -0.0002458299999998914,
      "cvar": -0.0002458299999998914,
      "mean_daily_turnover": 0.0,
      "annualized_turnover": 0.0,
      "transaction_cost_drag": 0.0,
      "win_rate": 1.0,
      "information_ratio": -0.36301343243570083,
      "final_apv": 1.1028794109303552,
      "allocation_entropy": 9.179037747600897e-10,
      "effective_n_holdings": 1.0,
      "mean_cash_weight": 1.0,
      "frac_days_cash_gt90": 1.0,