{
  "n_days": 2689,
  "total_return": 85430.55368586711,
  "ranking_quality": {
    "1": {
      "n_days": 2689,
      "mean_spearman": 0.019002799378090917,
      "mean_top10_hit_rate": 0.2191541671831743,
      "n_active_days": 2588,
      "mean_spearman_active_days": 0.017658925722316914,
      "mean_top10_hit_rate_active_days": 0.2196054439292461
    },
    "5": {
      "n_days": 2689,
      "mean_spearman": 0.028655442866511872,
      "mean_top10_hit_rate": 0.23081690839221522,
      "n_active_days": 2588,
      "mean_spearman_active_days": 0.027213576771308395,
      "mean_top10_hit_rate_active_days": 0.23093766099948482
    },
    "21": {
      "n_days": 2689,
      "mean_spearman": 0.03688954655199997,
      "mean_top10_hit_rate": 0.23903557704227096,
      "n_active_days": 2588,
      "mean_spearman_active_days": 0.03575623131383908,
      "mean_top10_hit_rate_active_days": 0.23901339515713552
    }
  }
}