{
  "agent": {
    "total_return": 0.12543164132630324,
    "annualized_return": 0.09383815391731853,
    "cagr": 0.09532993174549831,
    "volatility": 0.11934085175526093,
    "sharpe": 0.18663681703537716,
    "sortino": 0.2970984121334601,
    "calmar": 0.8402843496560288,
    "max_drawdown": 0.11167428496761991,
    "var": 0.008930565861676579,
    "cvar": 0.014572019008004696,
    "mean_daily_turnover": 0.02226203063286492,
    "annualized_turnover": 5.6100317194819596,
    "transaction_cost_drag": 0.0024877612316028808,
    "win_rate": 0.5813253012048193,
    "information_ratio": -0.24413418539497822,
    "final_apv": 1.1254316413263032,
    "allocation_entropy": 0.12874702818198863,
    "effective_n_holdings": 1.584372582208995,
    "mean_cash_weight": 0.7793859557574054,
    "frac_days_cash_gt90": 0.3704819277108434,
    "frac_days_single_name_gt70": 0.0,
    "argmax_switches": 0,
    "mean_position_lifetime": 17.705882352941178,
    "total_return_ci": [
      0.12543164132630413,
      -0.12355309916362654,
      0.668574303902133
    ],
    "sharpe_ci": [
      0.18663681703537716,
      -2.167533015258272,
      1.90178525677923
    ]
  },
  "baselines": {
    "ubah": {
      "total_return": 0.1857677957331716,
      "annualized_return": 0.13806851839879908,
      "cagr": 0.14030724356618585,
      "volatility": 0.1940153676582664,
      "sharpe": 0.38247277975761096,
      "sortino": 0.4917598855319761,
      "calmar": 0.7056595091449641,
      "max_drawdown": 0.19565883632191736,
      "var": 0.018049430615639905,
      "cvar": 0.027792772826399893,
      "mean_daily_turnover": 0.0029529884242853765,
      "annualized_turnover": 0.7441530829199149,
      "transaction_cost_drag": 0.00029411937720946746,
      "win_rate": 0.5481927710843374,
      "information_ratio": -0.01892122174956177,
      "final_apv": 1.1857677957331716,
      "allocation_entropy": 0.7587070318279536,
      "effective_n_holdings": 48.31049800164444,
      "mean_cash_weight": 0.01778656996671709,
      "frac_days_cash_gt90": 0.0,
      "frac_days_single_name_gt70": 0.0,
      "argmax_switches": 0,
      "mean_position_lifetime": 303.8333333333333,
      "total_return_ci": [
        0.18576779573317448,
        -0.23220513782473576,
        0.9228848695955906
      ],
      "sharpe_ci": [
        0.38247277975761096,
        -1.3024865996486281,
        2.5457330781311507
      ]
    },
    "ucrp": {
      "total_return": 0.19529985494059132,
      "annualized_return": 0.1450059467968925,
      "cagr": 0.14736426579547168,
      "volatility": 0.19543177991899088,
      "sharpe": 0.41241722102502293,
      "sortino": 0.5267625743765039,
      "calmar": 0.7862327066909199,
      "max_drawdown": 0.1844313338314181,
      "var": 0.018208649265267912,
      "cvar": 0.028373465133023426,
      "mean_daily_turnover": 0.010104265209267481,
      "annualized_turnover": 2.5462748327354054,
      "transaction_cost_drag": 0.0017000954767556475,
      "win_rate": 0.5331325301204819,
      "information_ratio": 0.0709363193233935,
      "final_apv": 1.1952998549405913,
      "allocation_entropy": 0.7638329004097675,
      "effective_n_holdings": 51.0,
      "mean_cash_weight": 0.019607843137254898,
      "frac_days_cash_gt90": 0.0,
      "frac_days_single_name_gt70": 0.0,
      "argmax_switches": 0,
      "mean_position_lifetime": 272.1311475409836,
      "total_return_ci": [
        0.19529985494059487,
        -0.2117239558814663,
        0.9518796590210846
      ],
      "sharpe_ci": [
        0.41241722102502293,
        -1.176604349794697,
        2.621291858394258
      ]
    },
    "best_stock": {
      "total_return": 1.7291668398277666,
      "annualized_return": 1.1427060471128199,
      "cagr": 1.167661866963435,
      "volatility": 0.33455734506343515,
      "sharpe": 2.2107711617024504,
      "sortino": 3.46088191671505,
      "calmar": 6.155315690341872,
      "max_drawdown": 0.18564540059347515,
      "var": 0.027617543394566884,
      "cvar": 0.040391028092850535,
      "mean_daily_turnover": 0.0030120481927710845,
      "annualized_turnover": 0.7590361445783133,
      "transaction_cost_drag": 0.00030000000003671534,
      "win_rate": 0.5391566265060241,
      "information_ratio": 1.6320337041834476,
      "final_apv": 2.7291668398277666,
      "allocation_entropy": 9.179037747600897e-10,
      "effective_n_holdings": 1.0,
      "mean_cash_weight": 0.0,
      "frac_days_cash_gt90": 0.0,
      "frac_days_single_name_gt70": 1.0,
      "argmax_switches": 0,
      "mean_position_lifetime": 332.0,
      "total_return_ci": [
        1.7291668398277587,
        0.18300086047677033,
        4.0622829382280905
      ],
      "sharpe_ci": [
        2.2107711617024504,
        0.3264934303051781,
        3.5041235980017986
      ]
    },
    "random_portfolio": {
      "total_return": 0.13912553855330834,
      "annualized_return": 0.10392579260644785,
      "cagr": 0.10558553398747939,
      "volatility": 0.18117407151769563,
      "sharpe": 0.22671615874755505,
      "sortino": 0.2996295468671753,
      "calmar": 0.5429207525849703,
      "max_drawdown": 0.1914198197649165,
      "var": 0.016895726853729285,
      "cvar": 0.025690348131539004,
      "mean_daily_turnover": 0.0028678141016935978,
      "annualized_turnover": 0.7226891536267867,
      "transaction_cost_drag": 0.000285638387965248,
      "win_rate": 0.5512048192771084,
      "information_ratio": -0.45261876017997715,
      "final_apv": 1.1391255385533083,
      "allocation_entropy": 0.6978538647769356,
      "effective_n_holdings": 30.956082740300666,
      "mean_cash_weight": 0.044437729831760094,
      "frac_days_cash_gt90": 0.0,
      "frac_days_single_name_gt70": 0.0,
      "argmax_switches": 0,
      "mean_position_lifetime": 176.6290322580645,
      "total_return_ci": [
        0.13912553855331455,
        -0.23822552611235445,
        0.7901831322212194
      ],
      "sharpe_ci": [
        0.22671615874755505,
        -1.4271364739372312,
        2.3722911532102815
      ]
    },
    "random_rebalancing": {
      "total_return": 0.19262397766014638,
      "annualized_return": 0.14305979480575992,
      "cagr": 0.1453844984941306,
      "volatility": 0.19424431347932133,
      "sharpe": 0.40439971706918004,
      "sortino": 0.5370190865244595,
      "calmar": 0.8311770277579729,
      "max_drawdown": 0.17211711828904988,
      "var": 0.018551714906108043,
      "cvar": 0.027799588537828306,
      "mean_daily_turnover": 0.5015898748299832,
      "annualized_turnover": 126.40064845715577,
      "transaction_cost_drag": 0.09340061160007185,
      "win_rate": 0.5060240963855421,
      "information_ratio": 0.03751401910545852,
      "final_apv": 1.1926239776601464,
      "allocation_entropy": 0.682944755998552,
      "effective_n_holdings": 26.282435690230017,
      "mean_cash_weight": 0.018923429399855578,
      "frac_days_cash_gt90": 0.0,
      "frac_days_single_name_gt70": 0.0,
      "argmax_switches": 0,
      "mean_position_lifetime": 2.472112537018756,
      "total_return_ci": [
        0.19262397766014483,
        -0.1739207267842522,
        0.8961733500583149
      ],
      "sharpe_ci": [
        0.40439971706918004,
        -1.0783050091578226,
        2.533502984288931
      ]
    },
    "constant_cash": {
      "total_return": 0.10287941093035524,
      "annualized_return": 0.07716023230049229,
      "cagr": 0.07837747374956083,
      "volatility": 0.0008905330530689566,
      "sharpe": NaN,
      "sortino": NaN,
      "calmar": NaN,
      "max_drawdown": 0.0,
      "var": -0.0002458299999998914,
      "cvar": -0.0002458299999998914,
      "mean_daily_turnover": 0.0,
      "annualized_turnover": 0.0,
      "transaction_cost_drag": 0.0,
      "win_rate": 1.0,
      "information_ratio": -0.36301343243570083,
      "final_apv": 1.1028794109303552,
      "allocation_entropy": 9.179037747600897e-10,
      "effective_n_holdings": 1.0,
      "mean_cash_weight": 1.0,
      "frac_days_cash_gt90": 1.0,