{
  "summary": {
    "agent": {
      "cumulative_return": {
        "mean": 0.5292463127288631,
        "std": 0.6627186982477473,
        "min": -0.20711527505961103,
        "max": 1.9279571160927276
      },
      "annualized_return": {
        "mean": 0.21537767707394206,
        "std": 0.256707305253706,
        "min": -0.11186170988483679,
        "max": 0.7260166246680493
      },
      "sharpe": {
        "mean": 1.0228218887130263,
        "std": 1.2379978384535606,
        "min": -0.792592481273318,
        "max": 3.143772075268573
      },
      "sortino": {
        "mean": 1.3757809002530417,
        "std": 1.6470832702635094,
        "min": -1.1693277037675904,
        "max": 4.060560577242061
      },
      "max_drawdown": {
        "mean": 0.21404515725359158,
        "std": 0.11319107071569107,
        "min": 0.09972711531959334,
        "max": 0.4855639425107346
      },
      "win_rate": {
        "mean": 0.5460332563435963,
        "std": 0.0491834572289197,
        "min": 0.4766734279918864,
        "max": 0.6391129032258065
      },
      "n_days": {
        "mean": 495.625,
        "std": 2.595067436503337,
        "min": 492.0,
        "max": 500.0
      }
    },
    "equal_weight": {
      "cumulative_return": {
        "mean": 0.5829784558405002,
        "std": 0.6708398250689465,
        "min": -0.19611250169818595,
        "max": 1.9959417757525184
      },
      "annualized_return": {
        "mean": 0.23795713042207783,
        "std": 0.2564157141214393,
        "min": -0.10558313796891361,
        "max": 0.746263173895918
      },
      "sharpe": {
        "mean": 1.1471198152047033,
        "std": 1.2240989939685687,
        "min": -0.7407298326867161,
        "max": 3.184298398421027
      },
      "sortino": {
        "mean": 1.5471277263946743,
        "std": 1.6298736549806072,
        "min": -1.0931052114523203,
        "max": 4.185557601823379
      },
      "max_drawdown": {
        "mean": 0.2117740729755485,
        "std": 0.11363066751286886,
        "min": 0.09991087107636495,
        "max": 0.4857635360898174
      },
      "win_rate": {
        "mean": 0.5485662118670094,
        "std": 0.04642122527016088,
        "min": 0.47058823529411764,
        "max": 0.6290322580645161
      },
      "n_days": {
        "mean": 495.625,
        "std": 2.595067436503337,
        "min": 492.0,
        "max": 500.0
      }
    },
    "inv_vol": {
      "cumulative_return": {
        "mean": 0.34904645328653683,
        "std": 0.5177160937971969,
        "min": -0.2275967921138201,
        "max": 1.4213449364325301
      },
      "annualized_return": {
        "mean": 0.1456226627561944,
        "std": 0.2138211132188162,
        "min": -0.12366369941951183,
        "max": 0.567204110675745
      },
      "sharpe": {
        "mean": 0.8182624111400192,
        "std": 1.184319362018192,
        "min": -0.9555012732688852,
        "max": 2.8306466898125167
      },
      "sortino": {
        "mean": 1.0664164612760838,
        "std": 1.5898155207485205,
        "min": -1.4418556129851126,
        "max": 3.5257276298120552
      },
      "max_drawdown": {
        "mean": 0.22563919005749833,
        "std": 0.11177869773869362,
        "min": 0.10476975552197915,
        "max": 0.4639617779480895
      },
      "win_rate": {
        "mean": 0.5414843678104244,
        "std": 0.04943345644172934,
        "min": 0.45233265720081134,
        "max": 0.6330645161290323
      },
      "n_days": {
        "mean": 495.625,
        "std": 2.595067436503337,
        "min": 492.0,
        "max": 500.0
      }
    },
    "market_cap": {
      "cumulative_return": {
        "mean": 0.3409957360153686,
        "std": 0.4154944745851592,
        "min": -0.13673334932076608,
        "max": 1.256943490169184
      },
      "annualized_return": {
        "mean": 0.14825538732924262,
        "std": 0.17363780547188917,
        "min": -0.07240136008581455,
        "max": 0.5122072500697299
      },
      "sharpe": {
        "mean": 0.6806277770627981,
        "std": 0.6918974497364527,
        "min": -0.33504774149059846,
        "max": 1.9577059158589414
      },
      "sortino": {
        "mean": 0.9681271188903628,
        "std": 0.9889868384069873,
        "min": -0.5598275634689887,
        "max": 2.602220876870691
      },
      "max_drawdown": {
        "mean": 0.23007428743113328,
        "std": 0.09033640003274024,
        "min": 0.12842997922689503,
        "max": 0.4249781530716356
      },
      "win_rate": {
        "mean": 0.5257917624198838,
        "std": 0.0274820384381178,
        "min": 0.4665314401622718,
        "max": 0.5613682092555332
      },
      "n_days": {
        "mean": 495.625,
        "std": 2.595067436503337,
        "min": 492.0,
        "max": 500.0
      }
    }
  },
  "windows": [
    {
      "window_id": 0,
      "train_end": "2010-01-02",
      "test_start": "2010-01-03",
      "test_end": "2012-01-03",
      "metrics": {
        "agent": {
          "cumulative_return": 0.2389692681451594,
          "annualized_return": 0.11477089889555603,
          "sharpe": 0.682422570958992,
          "sortino": 0.8534837270658913,
          "max_drawdown": 0.19642033222213384,
          "win_rate": 0.5653923541247485,
          "n_days": 497
        },
        "equal_weight": {
          "cumulative_return": 0.26171409573435356,
          "annualized_return": 0.1251008949207224,
          "sharpe": 0.7383185472500247,
          "sortino": 0.9152076880332006,
          "max_drawdown": 0.19149978277062865,
          "win_rate": 0.5714285714285714,
          "n_days": 497
        },
        "market_cap": {
          "cumulative_return": 0.24356238062110558,
          "annualized_return": 0.11686443297806215,
          "sharpe": 0.6005219575439497,
          "sortino": 0.7780858327783708,
          "max_drawdown": 0.25823937580140294,
          "win_rate": 0.5613682092555332,
          "n_days": 497
        },
        "inv_vol": {
          "cumulative_return": 0.13834601967118587,
          "annualized_return": 0.06790702763864487,
          "sharpe": 0.4467073122788535,
          "sortino": 0.5601396424956531,
          "max_drawdown": 0.2254400168673968,
          "win_rate": 0.5331991951710262,
          "n_days": 497
        }
      }
    },
    {
      "window_id": 1,
      "train_end": "2012-01-03",
      "test_start": "2012-01-04",
      "test_end": "2014-01-04",
      "metrics": {
        "agent": {
          "cumulative_return": 0.10623913831843534,
          "annualized_return": 0.052964422784165466,
          "sharpe": 0.433543614656824,
          "sortino": 0.6186115861484114,
          "max_drawdown": 0.156222268509456,
          "win_rate": 0.5070993914807302,
          "n_days": 493
        },
        "equal_weight": {
          "cumulative_return": 0.2889066558055964,
          "annualized_return": 0.13851926675835413,
          "sharpe": 1.0673520472931186,
          "sortino": 1.52539144634944,
          "max_drawdown": 0.15263321897739793,
          "win_rate": 0.5334685598377282,
          "n_days": 493
        },
        "market_cap": {
          "cumulative_return": 0.1064312392490403,
          "annualized_return": 0.05305788355015806,
          "sharpe": 0.3291607384016956,
          "sortino": 0.5089360801799,
          "max_drawdown": 0.1722190590082043,
          "win_rate": 0.5111561866125761,
          "n_days": 493
        },
        "inv_vol": {
          "cumulative_return": 0.2044951828820165,
          "annualized_return": 0.09977542299429065,
          "sharpe": 0.8644451561510531,
          "sortino": 1.2249939816397843,
          "max_drawdown": 0.14485983743051326,
          "win_rate": 0.537525354969574,
          "n_days": 493
        }
      }
    },
    {
      "window_id": 2,
      "train_end": "2014-01-04",
      "test_start": "2014-01-05",
      "test_end": "2016-01-05",
      "metrics": {
        "agent": {
          "cumulative_return": -0.20711527505961103,