{
  "summary": {
    "agent": {
      "cumulative_return": {
        "mean": 0.7601454523429029,
        "std": 0.6784916134480066,
        "min": 0.23046915242035282,
        "max": 2.040018991469835
      },
      "annualized_return": {
        "mean": 0.31140562001439026,
        "std": 0.24616939744682398,
        "min": 0.11018574901787637,
        "max": 0.759269251012505
      },
      "sharpe": {
        "mean": 1.5708033874507379,
        "std": 1.058605251642973,
        "min": 0.6406920735137313,
        "max": 3.2502763501487264
      },
      "sortino": {
        "mean": 2.1566297532145398,
        "std": 1.3585341716431236,
        "min": 0.9336249256701332,
        "max": 4.181051475807532
      },
      "max_drawdown": {
        "mean": 0.1560693579172204,
        "std": 0.0361523427953303,
        "min": 0.09737854790748242,
        "max": 0.21337500944379303
      },
      "win_rate": {
        "mean": 0.5632751970266202,
        "std": 0.04002702009280038,
        "min": 0.516,
        "max": 0.6370967741935484
      },
      "n_days": {
        "mean": 496.0,
        "std": 2.7688746209726918,
        "min": 492.0,
        "max": 500.0
      }
    },
    "equal_weight": {
      "cumulative_return": {
        "mean": 0.7842631538066018,
        "std": 0.6540157922639593,
        "min": 0.26171409573435356,
        "max": 1.9959417757525184
      },
      "annualized_return": {
        "mean": 0.3222639405914538,
        "std": 0.23769199950390416,
        "min": 0.1251008949207224,
        "max": 0.746263173895918
      },
      "sharpe": {
        "mean": 1.6167172101056992,
        "std": 1.0194633842581582,
        "min": 0.7383185472500247,
        "max": 3.184298398421027
      },
      "sortino": {
        "mean": 2.2076717252885314,
        "std": 1.2853503843179797,
        "min": 0.9152076880332006,
        "max": 4.185557601823379
      },
      "max_drawdown": {
        "mean": 0.15711200531046446,
        "std": 0.035079421621048296,
        "min": 0.09991087107636495,
        "max": 0.20826495407659734
      },
      "win_rate": {
        "mean": 0.5629364798327995,
        "std": 0.04052137573776799,
        "min": 0.514,
        "max": 0.6290322580645161
      },
      "n_days": {
        "mean": 496.0,
        "std": 2.7688746209726918,
        "min": 492.0,
        "max": 500.0
      }
    },
    "inv_vol": {
      "cumulative_return": {
        "mean": 0.5092084528460725,
        "std": 0.5016809098004095,
        "min": 0.13834601967118587,
        "max": 1.4213449364325301
      },
      "annualized_return": {
        "mean": 0.21778817352753707,
        "std": 0.19798718507102508,
        "min": 0.06790702763864487,
        "max": 0.567204110675745
      },
      "sharpe": {
        "mean": 1.260233983012272,
        "std": 1.010909534699283,
        "min": 0.33214863672429046,
        "max": 2.8306466898125167
      },
      "sortino": {
        "mean": 1.6724858521745778,
        "std": 1.3198515185174695,
        "min": 0.38119118707805655,
        "max": 3.5257276298120552
      },
      "max_drawdown": {
        "mean": 0.17826992553006513,
        "std": 0.0678096742518026,
        "min": 0.10476975552197915,
        "max": 0.3066739622986891
      },
      "win_rate": {
        "mean": 0.5598968324933339,
        "std": 0.0389711830584294,
        "min": 0.532,
        "max": 0.6330645161290323
      },
      "n_days": {
        "mean": 496.0,
        "std": 2.7688746209726918,
        "min": 492.0,
        "max": 500.0
      }
    },
    "market_cap": {
      "cumulative_return": {
        "mean": 0.47834458404880614,
        "std": 0.39151499109086774,
        "min": 0.1064312392490403,
        "max": 1.256943490169184
      },
      "annualized_return": {
        "mean": 0.2101959159357856,
        "std": 0.15636209308769955,
        "min": 0.05305788355015806,
        "max": 0.5122072500697299
      },
      "sharpe": {
        "mean": 0.96470644193487,
        "std": 0.5537049731269137,
        "min": 0.3291607384016956,
        "max": 1.9577059158589414
      },
      "sortino": {
        "mean": 1.385632989490717,
        "std": 0.7626227688055978,
        "min": 0.5089360801799,
        "max": 2.602220876870691
      },
      "max_drawdown": {
        "mean": 0.18569750235258944,
        "std": 0.04161372149052594,
        "min": 0.12842997922689503,
        "max": 0.25823937580140294
      },
      "win_rate": {
        "mean": 0.5362708733069931,
        "std": 0.017599145973311737,
        "min": 0.5111561866125761,
        "max": 0.5613682092555332
      },
      "n_days": {
        "mean": 496.0,
        "std": 2.7688746209726918,
        "min": 492.0,
        "max": 500.0
      }
    }
  },
  "windows": [
    {
      "window_id": 0,
      "train_end": "2010-01-02",
      "test_start": "2010-01-03",
      "test_end": "2012-01-03",
      "metrics": {
        "agent": {
          "cumulative_return": 0.2623847137753348,
          "annualized_return": 0.12540406966199646,
          "sharpe": 0.755303279448657,
          "sortino": 0.9336249256701332,
          "max_drawdown": 0.1850713274413635,
          "win_rate": 0.5613682092555332,
          "n_days": 497
        },
        "equal_weight": {
          "cumulative_return": 0.26171409573435356,
          "annualized_return": 0.1251008949207224,
          "sharpe": 0.7383185472500247,
          "sortino": 0.9152076880332006,
          "max_drawdown": 0.19149978277062865,
          "win_rate": 0.5714285714285714,
          "n_days": 497
        },
        "market_cap": {
          "cumulative_return": 0.24356238062110558,
          "annualized_return": 0.11686443297806215,
          "sharpe": 0.6005219575439497,
          "sortino": 0.7780858327783708,
          "max_drawdown": 0.25823937580140294,
          "win_rate": 0.5613682092555332,
          "n_days": 497
        },
        "inv_vol": {
          "cumulative_return": 0.13834601967118587,
          "annualized_return": 0.06790702763864487,
          "sharpe": 0.4467073122788535,
          "sortino": 0.5601396424956531,
          "max_drawdown": 0.2254400168673968,
          "win_rate": 0.5331991951710262,
          "n_days": 497
        }
      }
    },
    {
      "window_id": 1,
      "train_end": "2012-01-03",
      "test_start": "2012-01-04",
      "test_end": "2014-01-04",
      "metrics": {
        "agent": {
          "cumulative_return": 0.27388677956538277,
          "annualized_return": 0.131718132940158,
          "sharpe": 1.0309367507032683,
          "sortino": 1.4652651720462817,
          "max_drawdown": 0.14959723504933592,
          "win_rate": 0.5476673427991886,
          "n_days": 493
        },
        "equal_weight": {
          "cumulative_return": 0.2889066558055964,
          "annualized_return": 0.13851926675835413,
          "sharpe": 1.0673520472931186,
          "sortino": 1.52539144634944,
          "max_drawdown": 0.15263321897739793,
          "win_rate": 0.5334685598377282,
          "n_days": 493
        },
        "market_cap": {
          "cumulative_return": 0.1064312392490403,
          "annualized_return": 0.05305788355015806,
          "sharpe": 0.3291607384016956,
          "sortino": 0.5089360801799,
          "max_drawdown": 0.1722190590082043,
          "win_rate": 0.5111561866125761,
          "n_days": 493
        },
        "inv_vol": {
          "cumulative_return": 0.2044951828820165,
          "annualized_return": 0.09977542299429065,
          "sharpe": 0.8644451561510531,
          "sortino": 1.2249939816397843,
          "max_drawdown": 0.14485983743051326,
          "win_rate": 0.537525354969574,
          "n_days": 493
        }
      }
    },
    {
      "window_id": 3,
      "train_end": "2016-01-05",
      "test_start": "2016-01-06",
      "test_end": "2018-01-06",
      "metrics": {
        "agent": {
          "cumulative_return": 2.040018991469835,
          "annualized_return": 0.759269251012505,