{
  "summary": {
    "agent": {
      "cumulative_return": {
        "mean": 0.33790055792857054,
        "std": 0.4982051058976918,
        "min": -0.13182301926763218,
        "max": 1.4093545256490843
      },
      "annualized_return": {
        "mean": 0.14223786814686024,
        "std": 0.2047782756900382,
        "min": -0.06970810846189035,
        "max": 0.563256341148066
      },
      "sharpe": {
        "mean": 0.662094963472049,
        "std": 0.8697191296083446,
        "min": -0.3740376986737499,
        "max": 2.2207526212794497
      },
      "sortino": {
        "mean": 0.9662899854937748,
        "std": 1.2468270977723352,
        "min": -0.6151738904073494,
        "max": 2.964280433716255
      },
      "max_drawdown": {
        "mean": 0.2135853355620959,
        "std": 0.0846396505850937,
        "min": 0.09517344306934952,
        "max": 0.3863428148425515
      },
      "win_rate": {
        "mean": 0.5220917365965747,
        "std": 0.036835757681304815,
        "min": 0.46247464503042596,
        "max": 0.5846774193548387
      },
      "n_days": {
        "mean": 495.625,
        "std": 2.595067436503337,
        "min": 492.0,
        "max": 500.0
      }
    },
    "equal_weight": {
      "cumulative_return": {
        "mean": 0.37370048585069254,
        "std": 0.5039366343115165,
        "min": -0.12947069732000427,
        "max": 1.4574729460738949
      },
      "annualized_return": {
        "mean": 0.15808213063784,
        "std": 0.2049022362252381,
        "min": -0.06842052904232987,
        "max": 0.5790412503152103
      },
      "sharpe": {
        "mean": 0.7159590984828588,
        "std": 0.837103599275151,
        "min": -0.3548176552634062,
        "max": 2.204363152222783
      },
      "sortino": {
        "mean": 1.0457182018149953,
        "std": 1.2004100245855562,
        "min": -0.5837281375005137,
        "max": 2.9400282961862203
      },
      "max_drawdown": {
        "mean": 0.21682002117043297,
        "std": 0.09696264480831178,
        "min": 0.09948387015904162,
        "max": 0.43356825487823614
      },
      "win_rate": {
        "mean": 0.5265887308310158,
        "std": 0.035302781711602324,
        "min": 0.4645030425963489,
        "max": 0.5826612903225806
      },
      "n_days": {
        "mean": 495.625,
        "std": 2.595067436503337,
        "min": 492.0,
        "max": 500.0
      }
    },
    "inv_vol": {
      "cumulative_return": {
        "mean": 0.32135983540715335,
        "std": 0.3761710281972373,
        "min": -0.07928526879535847,
        "max": 1.0418791981583349
      },
      "annualized_return": {
        "mean": 0.1413638482772237,
        "std": 0.1615607977829413,
        "min": -0.04134505076915118,
        "max": 0.4371935672281566
      },
      "sharpe": {
        "mean": 0.747401931639122,
        "std": 0.7808515318363336,
        "min": -0.23048549281145841,
        "max": 2.078496041911503
      },
      "sortino": {
        "mean": 1.1002621948020135,
        "std": 1.1176219523096749,
        "min": -0.38094326404186435,
        "max": 2.821700198057871
      },
      "max_drawdown": {
        "mean": 0.2026418956186176,
        "std": 0.08958312234037671,
        "min": 0.10463127862329787,
        "max": 0.4123394736200705
      },
      "win_rate": {
        "mean": 0.5283426954587729,
        "std": 0.03128002117528952,
        "min": 0.4685598377281947,
        "max": 0.5826612903225806
      },
      "n_days": {
        "mean": 495.625,
        "std": 2.595067436503337,
        "min": 492.0,
        "max": 500.0
      }
    },
    "market_cap": {
      "cumulative_return": {
        "mean": 0.35297155934841135,
        "std": 0.41821526855795127,
        "min": -0.1178675437877914,
        "max": 1.2217167523553765
      },
      "annualized_return": {
        "mean": 0.15293440544283143,
        "std": 0.17686030834083652,
        "min": -0.06209410487816103,
        "max": 0.5001691194794422
      },
      "sharpe": {
        "mean": 0.715425965166171,
        "std": 0.7260790375025643,
        "min": -0.271403550606465,
        "max": 1.8362362699855372
      },
      "sortino": {
        "mean": 1.0602869514547126,
        "std": 1.065645728426211,
        "min": -0.45227507282281676,
        "max": 2.4476888908647036
      },
      "max_drawdown": {
        "mean": 0.21962064566499512,
        "std": 0.09499189063740761,
        "min": 0.1029626249684155,
        "max": 0.40541247426873894
      },
      "win_rate": {
        "mean": 0.5225222346667748,
        "std": 0.022379659071452368,
        "min": 0.4726166328600406,
        "max": 0.5504032258064516
      },
      "n_days": {
        "mean": 495.625,
        "std": 2.595067436503337,
        "min": 492.0,
        "max": 500.0
      }
    }
  },
  "windows": [
    {
      "window_id": 0,
      "train_end": "2010-01-02",
      "test_start": "2010-01-03",
      "test_end": "2012-01-03",
      "metrics": {
        "agent": {
          "cumulative_return": 0.09935738049968812,
          "annualized_return": 0.04920211826246357,
          "sharpe": 0.2865100540304523,
          "sortino": 0.3908215712887985,
          "max_drawdown": 0.2535592205049384,
          "win_rate": 0.5311871227364185,
          "n_days": 497
        },
        "equal_weight": {
          "cumulative_return": 0.1278398451553917,
          "annualized_return": 0.06289816301752826,
          "sharpe": 0.35224847580416413,
          "sortino": 0.4896025958786603,
          "max_drawdown": 0.23555854937585216,
          "win_rate": 0.5211267605633803,
          "n_days": 497
        },
        "market_cap": {
          "cumulative_return": 0.09202845944898486,
          "annualized_return": 0.045649734612295045,
          "sharpe": 0.23610481309741307,
          "sortino": 0.3234133481489373,
          "max_drawdown": 0.264235386236199,
          "win_rate": 0.5150905432595574,
          "n_days": 497
        },
        "inv_vol": {
          "cumulative_return": 0.054246868084757205,
          "annualized_return": 0.027147291716744792,
          "sharpe": 0.15713588015546623,
          "sortino": 0.21118813481305904,
          "max_drawdown": 0.2430428339662073,
          "win_rate": 0.5231388329979879,
          "n_days": 497
        }
      }
    },
    {
      "window_id": 1,
      "train_end": "2012-01-03",
      "test_start": "2012-01-04",
      "test_end": "2014-01-04",
      "metrics": {
        "agent": {
          "cumulative_return": 0.1982325097375195,
          "annualized_return": 0.09684880990567213,
          "sharpe": 0.65953389571573,
          "sortino": 1.0554640040041314,
          "max_drawdown": 0.1507235475853713,
          "win_rate": 0.5091277890466531,
          "n_days": 493
        },
        "equal_weight": {
          "cumulative_return": 0.2015861588209431,
          "annualized_return": 0.09841693289008013,
          "sharpe": 0.6508000433976507,
          "sortino": 1.0362640973872483,
          "max_drawdown": 0.15528577088262568,
          "win_rate": 0.5050709939148073,
          "n_days": 493
        },
        "market_cap": {
          "cumulative_return": 0.06672154503100591,
          "annualized_return": 0.03356662335570948,
          "sharpe": 0.20464012548632515,
          "sortino": 0.31567612694553376,
          "max_drawdown": 0.1705717219833869,
          "win_rate": 0.5091277890466531,
          "n_days": 493
        },
        "inv_vol": {
          "cumulative_return": 0.20468442460438152,
          "annualized_return": 0.0998637417170003,
          "sharpe": 0.6949898920656594,
          "sortino": 1.1085903740104577,
          "max_drawdown": 0.14449449723395477,
          "win_rate": 0.5192697768762677,
          "n_days": 493
        }
      }
    },
    {
      "window_id": 2,
      "train_end": "2014-01-04",
      "test_start": "2014-01-05",
      "test_end": "2016-01-05",