{
  "summary": {
    "agent": {
      "cumulative_return": {
        "mean": 0.7143532485620099,
        "std": 0.7053479127779047,
        "min": -0.11762920605138161,
        "max": 2.185179692421939
      },
      "annualized_return": {
        "mean": 0.29053312232872436,
        "std": 0.26038324355502107,
        "min": -0.061964582974542215,
        "max": 0.8014594916113496
      },
      "sharpe": {
        "mean": 1.3002951692386189,
        "std": 1.1621994736782149,
        "min": -0.3893086555340167,
        "max": 3.1492852205110333
      },
      "sortino": {
        "mean": 1.801417294821063,
        "std": 1.570947815095182,
        "min": -0.587631276018794,
        "max": 4.469421288059273
      },
      "max_drawdown": {
        "mean": 0.21331664514486487,
        "std": 0.1116190331898011,
        "min": 0.10376046106585393,
        "max": 0.47860348097001076
      },
      "win_rate": {
        "mean": 0.5493370742951547,
        "std": 0.04247427504407921,
        "min": 0.49290060851926976,
        "max": 0.6310483870967742
      },
      "n_days": {
        "mean": 495.625,
        "std": 2.595067436503337,
        "min": 492.0,
        "max": 500.0
      }
    },
    "equal_weight": {
      "cumulative_return": {
        "mean": 0.6607471276864281,
        "std": 0.7112279518677282,
        "min": -0.14793223898258712,
        "max": 2.169628219282088
      },
      "annualized_return": {
        "mean": 0.26820341615928756,
        "std": 0.2644900000422433,
        "min": -0.078571961901434,
        "max": 0.7969854144241699
      },
      "sharpe": {
        "mean": 1.295668635107508,
        "std": 1.2334782588469495,
        "min": -0.5433873344450857,
        "max": 3.3485144938505247
      },
      "sortino": {
        "mean": 1.7499883159510339,
        "std": 1.63525827638832,
        "min": -0.8024827958487296,
        "max": 4.446758410840408
      },
      "max_drawdown": {
        "mean": 0.20548286164568957,
        "std": 0.11331970707143378,
        "min": 0.0995990777571398,
        "max": 0.48400684664991933
      },
      "win_rate": {
        "mean": 0.5533633109919224,
        "std": 0.04835413898842407,
        "min": 0.4746450304259635,
        "max": 0.6411290322580645
      },
      "n_days": {
        "mean": 495.625,
        "std": 2.595067436503337,
        "min": 492.0,
        "max": 500.0
      }
    },
    "inv_vol": {
      "cumulative_return": {
        "mean": 0.45084709862256106,
        "std": 0.5639920730870455,
        "min": -0.165547068797531,
        "max": 1.6245368878963817
      },
      "annualized_return": {
        "mean": 0.1884274896172253,
        "std": 0.22410380297509583,
        "min": -0.08835854291727374,
        "max": 0.6326977629009953
      },
      "sharpe": {
        "mean": 1.0564788312863027,
        "std": 1.2058973062497726,
        "min": -0.6701232401168951,
        "max": 3.088118990370467
      },
      "sortino": {
        "mean": 1.3863786357961116,
        "std": 1.6145172681687225,
        "min": -1.0127760958059364,
        "max": 3.9389339732538855
      },
      "max_drawdown": {
        "mean": 0.21459318571272534,
        "std": 0.11059636632932951,
        "min": 0.09978737854827854,
        "max": 0.4609743291363381
      },
      "win_rate": {
        "mean": 0.5485532292685515,
        "std": 0.04933992218212628,
        "min": 0.460446247464503,
        "max": 0.6411290322580645
      },
      "n_days": {
        "mean": 495.625,
        "std": 2.595067436503337,
        "min": 492.0,
        "max": 500.0
      }
    },
    "market_cap": {
      "cumulative_return": {
        "mean": 0.3592046077815726,
        "std": 0.4214927701364945,
        "min": -0.13128995442460323,
        "max": 1.2867716710941295
      },
      "annualized_return": {
        "mean": 0.1560909439257974,
        "std": 0.17525758039148806,
        "min": -0.06941617796335486,
        "max": 0.5223284362132037
      },
      "sharpe": {
        "mean": 0.7153026513318421,
        "std": 0.6961806770805075,
        "min": -0.32074957038411567,
        "max": 1.989640762259247
      },
      "sortino": {
        "mean": 1.0165800618016445,
        "std": 0.9944442563682218,
        "min": -0.5363872615443049,
        "max": 2.645646964445009
      },
      "max_drawdown": {
        "mean": 0.2287971357421302,
        "std": 0.0901406580772101,
        "min": 0.12791634803449067,
        "max": 0.4244090433475637
      },
      "win_rate": {
        "mean": 0.5270564520353731,
        "std": 0.02718961559722012,
        "min": 0.4685598377281947,
        "max": 0.5633802816901409
      },
      "n_days": {
        "mean": 495.625,
        "std": 2.595067436503337,
        "min": 492.0,
        "max": 500.0
      }
    }
  },
  "windows": [
    {
      "window_id": 0,
      "train_end": "2010-01-02",
      "test_start": "2010-01-03",
      "test_end": "2012-01-03",
      "metrics": {
        "agent": {
          "cumulative_return": 0.5986304433701088,
          "annualized_return": 0.2685537842657826,
          "sharpe": 0.8964660198135164,
          "sortino": 1.2579051006947455,
          "max_drawdown": 0.2570557514526398,
          "win_rate": 0.545271629778672,
          "n_days": 497
        },
        "equal_weight": {
          "cumulative_return": 0.34178693724383247,
          "annualized_return": 0.16075606025011369,
          "sharpe": 0.933648386434459,
          "sortino": 1.1570931919965897,
          "max_drawdown": 0.17949475502431392,
          "win_rate": 0.5734406438631791,
          "n_days": 497
        },
        "market_cap": {
          "cumulative_return": 0.2952877159727134,
          "annualized_return": 0.1401826681322913,
          "sharpe": 0.7125812482332078,
          "sortino": 0.9231577484073831,
          "max_drawdown": 0.2554721228080574,
          "win_rate": 0.5633802816901409,
          "n_days": 497
        },
        "inv_vol": {
          "cumulative_return": 0.2347266657725693,
          "annualized_return": 0.11283372506095724,
          "sharpe": 0.7271702266331744,
          "sortino": 0.9104137312762459,
          "max_drawdown": 0.21097626057891058,
          "win_rate": 0.5372233400402414,
          "n_days": 497
        }
      }
    },
    {
      "window_id": 1,
      "train_end": "2012-01-03",
      "test_start": "2012-01-04",
      "test_end": "2014-01-04",
      "metrics": {
        "agent": {
          "cumulative_return": 0.41063815242553314,
          "annualized_return": 0.1922702885619525,
          "sharpe": 1.4209169850774717,
          "sortino": 2.09813332855504,
          "max_drawdown": 0.14411252335372096,
          "win_rate": 0.5233265720081136,
          "n_days": 493
        },
        "equal_weight": {
          "cumulative_return": 0.36435499717698394,
          "annualized_return": 0.17211161083330695,
          "sharpe": 1.3071537324650648,
          "sortino": 1.8697114300565842,
          "max_drawdown": 0.1499422750357735,
          "win_rate": 0.5415821501014199,
          "n_days": 493
        },
        "market_cap": {
          "cumulative_return": 0.11608732205862138,
          "annualized_return": 0.057745575043718356,
          "sharpe": 0.3575532839437952,
          "sortino": 0.5534716316094536,
          "max_drawdown": 0.17049036187835592,
          "win_rate": 0.513184584178499,
          "n_days": 493
        },
        "inv_vol": {
          "cumulative_return": 0.2958619292924658,
          "annualized_return": 0.14165554861143526,
          "sharpe": 1.2034943755453844,
          "sortino": 1.7054055946823168,
          "max_drawdown": 0.14268872433647792,
          "win_rate": 0.5537525354969574,
          "n_days": 493
        }
      }
    },
    {
      "window_id": 2,
      "train_end": "2014-01-04",
      "test_start": "2014-01-05",
      "test_end": "2016-01-05",
      "metrics": {
        "agent": {
          "cumulative_return": -0.11762920605138161,