{
  "n_days": 2689,
  "total_return": 1.759106986214301,
  "ranking_quality": {
    "1": {
      "n_days": 2689,
      "mean_spearman": 0.024047034660859157,
      "mean_top10_hit_rate": 0.22094379216915475,
      "n_active_days": 2689,
      "mean_spearman_active_days": 0.024047034660859157,
      "mean_top10_hit_rate_active_days": 0.22094379216915475
    },
    "5": {
      "n_days": 2689,
      "mean_spearman": 0.033589497354792726,
      "mean_top10_hit_rate": 0.2304078343870088,
      "n_active_days": 2689,
      "mean_spearman_active_days": 0.033589497354792726,
      "mean_top10_hit_rate_active_days": 0.2304078343870088
    },
    "21": {
      "n_days": 2689,
      "mean_spearman": 0.04349633315594058,
      "mean_top10_hit_rate": 0.2530928474029999,
      "n_active_days": 2689,
      "mean_spearman_active_days": 0.04349633315594058,
      "mean_top10_hit_rate_active_days": 0.2530928474029999
    }
  }
}