{
  "agent": {
    "total_return": 0.3094017269635434,
    "annualized_return": 0.12517324793617002,
    "cagr": 0.12404809335267131,
    "volatility": 0.0008021088882347746,
    "sharpe": 16.799834079853998,
    "sortino": 9.460727052300808,
    "calmar": NaN,
    "max_drawdown": 0.0,
    "var": -0.0003475044928544224,
    "cvar": -0.00033424326158789535,
    "mean_daily_turnover": 1.3304065021111627e-08,
    "annualized_turnover": 3.35262438532013e-06,
    "transaction_cost_drag": -2.377385177609881e-09,
    "win_rate": 1.0,
    "information_ratio": -0.004405810599857177,
    "final_apv": 1.3094017269635434,
    "total_return_ci": [
      0.30940172696353696,
      0.2993497908443619,
      0.3234574604404243
    ],
    "sharpe_ci": [
      16.799834079853998,
      -2.9769650305719892,
      4.932750366463833
    ]
  },
  "baselines": {
    "ubah": {
      "total_return": 0.3701921810698028,
      "annualized_return": 0.14773572428322823,
      "cagr": 0.14639490875204508,
      "volatility": 0.19980253284526134,
      "sharpe": 0.199019796951729,
      "sortino": 0.3178425623416006,
      "calmar": 0.700897749303986,
      "max_drawdown": 0.21078070864107434,
      "var": 0.020966955354402707,
      "cvar": 0.026318171200016487,
      "mean_daily_turnover": 0.0017020697167755988,
      "annualized_turnover": 0.4289215686274509,
      "transaction_cost_drag": 0.0002941193772365569,
      "win_rate": 0.5225694444444444,
      "information_ratio": 0.5568782051770416,
      "final_apv": 1.3701921810698028,
      "total_return_ci": [
        0.37019218106981167,
        -0.29775191227773434,
        1.5976142107341247
      ],
      "sharpe_ci": [
        0.199019796951729,
        -1.2477971785467528,
        1.5853649092688278
      ]
    },
    "ucrp": {
      "total_return": 0.13141251500326612,
      "annualized_return": 0.05550228547646019,
      "cagr": 0.05501872808091002,
      "volatility": 0.22902778350985267,
      "sharpe": -0.16459973043939907,
      "sortino": -0.2754268104372307,
      "calmar": 0.21380183988351617,
      "max_drawdown": 0.25959685616690215,
      "var": 0.022963444796954665,
      "cvar": 0.029202998809392026,
      "mean_daily_turnover": 0.010252115044635671,
      "annualized_turnover": 2.5835329912481892,
      "transaction_cost_drag": 0.0032059132455868333,
      "win_rate": 0.5,
      "information_ratio": -0.4079888874174425,
      "final_apv": 1.1314125150032661,
      "total_return_ci": [
        0.13141251500326367,
        -0.5013728851719955,
        1.3202224538285416
      ],
      "sharpe_ci": [
        -0.16459973043939907,
        -1.6897836343150487,
        1.178580112119866
      ]
    },
    "best_stock": {
      "total_return": 6.395704043750506,
      "annualized_return": 1.3998192990103164,
      "cagr": 1.3820639123104135,
      "volatility": 0.44713532667207967,
      "sharpe": 1.8486926437117615,
      "sortino": 3.2392916026170107,
      "calmar": 4.563497590891198,
      "max_drawdown": 0.3067426400759747,
      "var": 0.03531708128065307,
      "cvar": 0.05390635719744054,
      "mean_daily_turnover": 0.001736111111111111,
      "annualized_turnover": 0.4375,
      "transaction_cost_drag": 0.0003000000000638048,
      "win_rate": 0.5434027777777778,
      "information_ratio": 2.1197889533109384,
      "final_apv": 7.395704043750506,
      "total_return_ci": [
        6.395704043750433,
        0.9590892182108541,
        29.464382283627604
      ],
      "sharpe_ci": [
        1.8486926437117615,
        0.6399547686889734,
        3.0087859444467018
      ]
    },
    "random_portfolio": {
      "total_return": 0.6908457752463528,
      "annualized_return": 0.25833274606808265,
      "cagr": 0.25588222303869523,
      "volatility": 0.2367490942510433,
      "sharpe": 0.5887624680045537,
      "sortino": 0.9588487792166928,
      "calmar": 1.2967130538035219,
      "max_drawdown": 0.19922121190215555,
      "var": 0.024190161074427192,
      "cvar": 0.031026272469763763,
      "mean_daily_turnover": 0.0017311430011245701,
      "annualized_turnover": 0.4362480362833917,
      "transaction_cost_drag": 0.00029914176746814736,
      "win_rate": 0.53125,
      "information_ratio": 1.188939351860953,
      "final_apv": 1.6908457752463528,
      "total_return_ci": [
        0.6908457752463553,
        -0.19735070716105546,
        2.7540455970960784
      ],
      "sharpe_ci": [
        0.5887624680045537,
        -0.8204751233408742,
        2.011530655790152
      ]
    },
    "random_rebalancing": {
      "total_return": 0.09528737899559747,
      "annualized_return": 0.040623277822997794,
      "cagr": 0.04027181486372111,
      "volatility": 0.23400617523054332,
      "sharpe": -0.21649799893491178,
      "sortino": -0.36539017867023627,
      "calmar": 0.15479788619606916,
      "max_drawdown": 0.26242785881161057,
      "var": 0.023690194294916256,
      "cvar": 0.029471234900065802,
      "mean_daily_turnover": 0.4965671683130651,
      "annualized_turnover": 125.1349264148924,
      "transaction_cost_drag": 0.1545640801969993,
      "win_rate": 0.4982638888888889,
      "information_ratio": -0.4772091513641689,
      "final_apv": 1.0952873789955975,
      "total_return_ci": [
        0.09528737899559814,
        -0.5193393328012327,
        1.1627486714379587
      ],
      "sharpe_ci": [
        -0.21649799893491178,
        -1.725887719286054,
        1.028368799682063
      ]
    },
    "constant_cash": {
      "total_return": 0.3093870554449252,
      "annualized_return": 0.12516773223176614,
      "cagr": 0.12404262990781834,
      "volatility": 0.0008020814813967305,
      "sharpe": NaN,
      "sortino": NaN,
      "calmar": NaN,
      "max_drawdown": 0.0,
      "var": -0.00034749000000000585,
      "cvar": -0.0003389453333333551,
      "mean_daily_turnover": 0.0,
      "annualized_turnover": 0.0,
      "transaction_cost_drag": 0.0,
      "win_rate": 1.0,
      "information_ratio": -0.004430907548781737,
      "final_apv": 1.3093870554449252,
      "total_return_ci": [
        0.3093870554449252,
        0.29933630607668377,
        0.32344052401016765
      ],
      "sharpe_ci": [
        NaN,
        -2.9812269124668638,
        4.927303254951012
      ]
    },
    "bova11": {
      "total_return": 0.25613574450244014,
      "annualized_return": 0.10491406291715011,
      "cagr": 0.10397931617720113,
      "volatility": 0.19524290144870174,
      "sharpe": 0.004430907548781737,
      "sortino": 0.007211857856746658,
      "calmar": 0.49882072609646183,
      "max_drawdown": 0.21032418548074094,
      "var": 0.02075230611891274,
      "cvar": 0.025564307347981544,
      "mean_daily_turnover": 0.0,
      "annualized_turnover": 0.0,
      "transaction_cost_drag": 0.0,
      "win_rate": 0.5208333333333334,
      "information_ratio": NaN,
      "final_apv": 1.2561357445024401,
      "total_return_ci": [
        0.25613574450243637,
        -0.3050990472321948,
        1.277068569652177
      ],
      "sharpe_ci": [
        0.004430907548781737,
        -1.3651735614562728,
        1.318007584724231
      ]
    }
  }
}