{
  "agent": {
    "total_return": -0.2930327501779342,
    "annualized_return": -0.14076453979732373,
    "cagr": -0.13965798655857198,
    "volatility": 0.3445960059891454,
    "sharpe": -0.6130670396278758,
    "sortino": -0.8346116010669413,
    "calmar": -0.2781491272049497,
    "max_drawdown": 0.5060757918309182,
    "var": 0.032231356530939635,
    "cvar": 0.0511650557642959,
    "mean_daily_turnover": 0.5182047180833046,
    "annualized_turnover": 130.58758895699276,
    "transaction_cost_drag": 0.1501093420272005,
    "win_rate": 0.5034722222222222,
    "information_ratio": -0.7193678356124944,
    "final_apv": 0.7069672498220658,
    "allocation_entropy": 0.22334751092987692,
    "effective_n_holdings": 2.6727285383550443,
    "mean_cash_weight": 0.11261322461813093,
    "frac_days_cash_gt90": 0.003472222222222222,
    "frac_days_single_name_gt70": 0.3871527777777778,
    "argmax_switches": 40,
    "mean_position_lifetime": 2.271107668474051,
    "total_return_ci": [
      -0.2930327501779352,
      -0.7562508250448584,
      0.8468987913319864
    ],
    "sharpe_ci": [
      -0.6130670396278758,
      -1.942969692482037,
      0.5896581794288122
    ]
  },
  "baselines": {
    "ubah": {
      "total_return": 0.3701921810698028,
      "annualized_return": 0.14773572428322823,
      "cagr": 0.14639490875204508,
      "volatility": 0.19980253284526134,
      "sharpe": 0.199019796951729,
      "sortino": 0.3178425623416006,
      "calmar": 0.700897749303986,
      "max_drawdown": 0.21078070864107434,
      "var": 0.020966955354402707,
      "cvar": 0.026318171200016487,
      "mean_daily_turnover": 0.0017020697167755988,
      "annualized_turnover": 0.4289215686274509,
      "transaction_cost_drag": 0.0002941193772365569,
      "win_rate": 0.5225694444444444,
      "information_ratio": 0.5568782051770416,
      "final_apv": 1.3701921810698028,
      "allocation_entropy": 0.7323772540327229,
      "effective_n_holdings": 37.234305188507996,
      "mean_cash_weight": 0.020228411840158753,
      "frac_days_cash_gt90": 0.0,
      "frac_days_single_name_gt70": 0.0,
      "argmax_switches": 0,
      "mean_position_lifetime": 207.4322033898305,
      "total_return_ci": [
        0.37019218106981167,
        -0.3125282915071893,
        1.5857756564251253
      ],
      "sharpe_ci": [
        0.199019796951729,
        -1.3276706969029188,
        1.5889736716561946
      ]
    },
    "ucrp": {
      "total_return": 0.13141251500326612,
      "annualized_return": 0.05550228547646019,
      "cagr": 0.05501872808091002,
      "volatility": 0.22902778350985267,
      "sharpe": -0.16459973043939907,
      "sortino": -0.2754268104372307,
      "calmar": 0.21380183988351617,
      "max_drawdown": 0.25959685616690215,
      "var": 0.022963444796954665,
      "cvar": 0.029202998809392026,
      "mean_daily_turnover": 0.010252115044635671,
      "annualized_turnover": 2.5835329912481892,
      "transaction_cost_drag": 0.0032059132455868333,
      "win_rate": 0.5,
      "information_ratio": -0.4079888874174425,
      "final_apv": 1.1314125150032661,
      "allocation_entropy": 0.7638329004097677,
      "effective_n_holdings": 51.0,
      "mean_cash_weight": 0.0196078431372549,
      "frac_days_cash_gt90": 0.0,
      "frac_days_single_name_gt70": 0.0,
      "argmax_switches": 0,
      "mean_position_lifetime": 400.0,
      "total_return_ci": [
        0.13141251500326367,
        -0.4964738127147615,
        1.2586503840906156
      ],
      "sharpe_ci": [
        -0.16459973043939907,
        -1.7068184531424628,
        1.1588928136252963
      ]
    },
    "best_stock": {
      "total_return": 6.395704043750506,
      "annualized_return": 1.3998192990103164,
      "cagr": 1.3820639123104135,
      "volatility": 0.44713532667207967,
      "sharpe": 1.8486926437117615,
      "sortino": 3.2392916026170107,
      "calmar": 4.563497590891198,
      "max_drawdown": 0.3067426400759747,
      "var": 0.03531708128065307,
      "cvar": 0.05390635719744054,
      "mean_daily_turnover": 0.001736111111111111,
      "annualized_turnover": 0.4375,
      "transaction_cost_drag": 0.0003000000000638048,
      "win_rate": 0.5434027777777778,
      "information_ratio": 2.1197889533109384,
      "final_apv": 7.395704043750506,
      "allocation_entropy": 9.179037747600897e-10,
      "effective_n_holdings": 1.0,
      "mean_cash_weight": 0.0,
      "frac_days_cash_gt90": 0.0,
      "frac_days_single_name_gt70": 1.0,
      "argmax_switches": 0,
      "mean_position_lifetime": 576.0,
      "total_return_ci": [
        6.395704043750433,
        0.7841380030296087,
        25.78528998477058
      ],
      "sharpe_ci": [
        1.8486926437117615,
        0.5596361313836434,
        2.9888629273401333
      ]
    },
    "random_portfolio": {
      "total_return": 0.7140027124558821,
      "annualized_return": 0.2658435510082344,
      "cagr": 0.263314621762923,
      "volatility": 0.20317057001602812,
      "sharpe": 0.6797052441678189,
      "sortino": 1.1194778453582526,
      "calmar": 1.49745476788796,
      "max_drawdown": 0.17753027117018397,
      "var": 0.02091018654073802,
      "cvar": 0.026013343351904483,
      "mean_daily_turnover": 0.0017060328716495112,
      "annualized_turnover": 0.4299202836556768,
      "transaction_cost_drag": 0.0002948040125344553,
      "win_rate": 0.5364583333333334,
      "information_ratio": 1.4520670433633414,
      "final_apv": 1.714002712455882,
      "allocation_entropy": 0.6170857057854673,
      "effective_n_holdings": 14.428173761741435,
      "mean_cash_weight": 0.015909757580658792,
      "frac_days_cash_gt90": 0.0,
      "frac_days_single_name_gt70": 0.0,
      "argmax_switches": 0,
      "mean_position_lifetime": 128.18103448275863,
      "total_return_ci": [
        0.7140027124558821,
        -0.11004503493973108,
        2.247867663663383
      ],
      "sharpe_ci": [
        0.6797052441678189,
        -0.7415134230396815,
        2.0290940791847114
      ]
    },
    "random_rebalancing": {
      "total_return": -0.058196229101323604,
      "annualized_return": -0.025890708350057468,
      "cagr": -0.025673916216605308,
      "volatility": 0.23253772531942224,
      "sharpe": -0.5037325007358937,
      "sortino": -0.8222639443204388,
      "calmar": -0.08602413836698908,
      "max_drawdown": 0.3009702723159477,
      "var": 0.023805016418209136,
      "cvar": 0.03066309694949121,
      "mean_daily_turnover": 0.4918847220585134,
      "annualized_turnover": 123.95494995874537,
      "transaction_cost_drag": 0.153326460884191,
      "win_rate": 0.4947916666666667,
      "information_ratio": -1.1133824907519794,
      "final_apv": 0.9418037708986764,
      "allocation_entropy": 0.6840670400744321,
      "effective_n_holdings": 26.51530009029168,
      "mean_cash_weight": 0.020699114313969702,
      "frac_days_cash_gt90": 0.0,
      "frac_days_single_name_gt70": 0.0,
      "argmax_switches": 0,
      "mean_position_lifetime": 2.5230076934242995,
      "total_return_ci": [
        -0.05819622910132516,
        -0.5834078373715411,
        0.8171071423276667
      ],
      "sharpe_ci": [
        -0.5037325007358937,
        -2.0429048624626613,
        0.735326756561851
      ]
    },
    "constant_cash": {
      "total_return": 0.3093870554449252,
      "annualized_return": 0.12516773223176614,
      "cagr": 0.12404262990781834,
      "volatility": 0.0008020814813967305,
      "sharpe": NaN,
      "sortino": NaN,
      "calmar": NaN,
      "max_drawdown": 0.0,
      "var": -0.00034749000000000585,
      "cvar": -0.0003389453333333551,
      "mean_daily_turnover": 0.0,
      "annualized_turnover": 0.0,
      "transaction_cost_drag": 0.0,
      "win_rate": 1.0,
      "information_ratio": -0.004430907548781737,
      "final_apv": 1.3093870554449252,
      "allocation_entropy": 9.179037747600897e-10,
      "effective_n_holdings": 1.0,
      "mean_cash_weight": 1.0,
      "frac_days_cash_gt90": 1.0,