{
  "n_days": 2689,
  "total_return": 96095.1172065587,
  "ranking_quality": {
    "1": {
      "n_days": 2689,
      "mean_spearman": 0.019279612166222253,
      "mean_top10_hit_rate": 0.21884780440005433,
      "n_active_days": 2575,
      "mean_spearman_active_days": 0.018189624850837246,
      "mean_top10_hit_rate_active_days": 0.21922915703498227
    },
    "5": {
      "n_days": 2689,
      "mean_spearman": 0.02932735881653911,
      "mean_top10_hit_rate": 0.228821123094087,
      "n_active_days": 2575,
      "mean_spearman_active_days": 0.0275892032686463,
      "mean_top10_hit_rate_active_days": 0.228
    },
    "21": {
      "n_days": 2689,
      "mean_spearman": 0.037881010833948105,
      "mean_top10_hit_rate": 0.23991570596256354,
      "n_active_days": 2575,
      "mean_spearman_active_days": 0.03710084952233313,
      "mean_top10_hit_rate_active_days": 0.23950809061488673
    }
  }
}