{
  "n_days": 2689,
  "total_return": 82135.15098087654,
  "ranking_quality": {
    "1": {
      "n_days": 2689,
      "mean_spearman": 0.019492313679824014,
      "mean_top10_hit_rate": 0.22048410042087993,
      "n_active_days": 2583,
      "mean_spearman_active_days": 0.01842844198435665,
      "mean_top10_hit_rate_active_days": 0.22093757105371511
    },
    "5": {
      "n_days": 2689,
      "mean_spearman": 0.029394366622547855,
      "mean_top10_hit_rate": 0.2302342878393455,
      "n_active_days": 2583,
      "mean_spearman_active_days": 0.02781057911421825,
      "mean_top10_hit_rate_active_days": 0.22961672473867598
    },
    "21": {
      "n_days": 2689,
      "mean_spearman": 0.0376446957968376,
      "mean_top10_hit_rate": 0.24111813561423082,
      "n_active_days": 2583,
      "mean_spearman_active_days": 0.03687157170432893,
      "mean_top10_hit_rate_active_days": 0.24079236030455545
    }
  }
}