{
  "agent": {
    "total_return": 0.4660126666601505,
    "annualized_return": 0.18218448043636237,
    "cagr": 0.18050722634332939,
    "volatility": 0.20714507724626555,
    "sharpe": 0.32206192078531004,
    "sortino": 0.8307100616510443,
    "calmar": 1.1240931753296413,
    "max_drawdown": 0.16207240150082455,
    "var": 0.013416655190413653,
    "cvar": 0.018321479963798633,
    "mean_daily_turnover": 0.0795328606403857,
    "annualized_turnover": 20.042280881377195,
    "transaction_cost_drag": 0.021529300177922317,
    "win_rate": 0.5208333333333334,
    "information_ratio": 0.3261166042804952,
    "final_apv": 1.4660126666601505,
    "total_return_ci": [
      0.46601266666015073,
      -0.18478486095382343,
      1.9225945748199986
    ],
    "sharpe_ci": [
      0.32206192078531004,
      -1.4688353427184964,
      1.235490192316794
    ]
  },
  "baselines": {
    "ubah": {
      "total_return": 0.3701921810698028,
      "annualized_return": 0.14773572428322823,
      "cagr": 0.14639490875204508,
      "volatility": 0.19980253284526134,
      "sharpe": 0.199019796951729,
      "sortino": 0.3178425623416006,
      "calmar": 0.700897749303986,
      "max_drawdown": 0.21078070864107434,
      "var": 0.020966955354402707,
      "cvar": 0.026318171200016487,
      "mean_daily_turnover": 0.0017020697167755988,
      "annualized_turnover": 0.4289215686274509,
      "transaction_cost_drag": 0.0002941193772365569,
      "win_rate": 0.5225694444444444,
      "information_ratio": 0.5568782051770416,
      "final_apv": 1.3701921810698028,
      "total_return_ci": [
        0.37019218106981167,
        -0.30453636599208594,
        1.4948028298436178
      ],
      "sharpe_ci": [
        0.199019796951729,
        -1.2686105460609665,
        1.5431247405568436
      ]
    },
    "ucrp": {
      "total_return": 0.13141251500326612,
      "annualized_return": 0.05550228547646019,
      "cagr": 0.05501872808091002,
      "volatility": 0.22902778350985267,
      "sharpe": -0.16459973043939907,
      "sortino": -0.2754268104372307,
      "calmar": 0.21380183988351617,
      "max_drawdown": 0.25959685616690215,
      "var": 0.022963444796954665,
      "cvar": 0.029202998809392026,
      "mean_daily_turnover": 0.010252115044635671,
      "annualized_turnover": 2.5835329912481892,
      "transaction_cost_drag": 0.0032059132455868333,
      "win_rate": 0.5,
      "information_ratio": -0.4079888874174425,
      "final_apv": 1.1314125150032661,
      "total_return_ci": [
        0.13141251500326367,
        -0.4881669197570643,
        1.2478962526164443
      ],
      "sharpe_ci": [
        -0.16459973043939907,
        -1.7021281234655214,
        1.119570425512147
      ]
    },
    "best_stock": {
      "total_return": 6.395704043750506,
      "annualized_return": 1.3998192990103164,
      "cagr": 1.3820639123104135,
      "volatility": 0.44713532667207967,
      "sharpe": 1.8486926437117615,
      "sortino": 3.2392916026170107,
      "calmar": 4.563497590891198,
      "max_drawdown": 0.3067426400759747,
      "var": 0.03531708128065307,
      "cvar": 0.05390635719744054,
      "mean_daily_turnover": 0.001736111111111111,
      "annualized_turnover": 0.4375,
      "transaction_cost_drag": 0.0003000000000638048,
      "win_rate": 0.5434027777777778,
      "information_ratio": 2.1197889533109384,
      "final_apv": 7.395704043750506,
      "total_return_ci": [
        6.395704043750433,
        0.7797945282212433,
        25.887206774264456
      ],
      "sharpe_ci": [
        1.8486926437117615,
        0.5451229035311881,
        3.041556800680553
      ]
    },
    "random_portfolio": {
      "total_return": 0.36378102801629075,
      "annualized_return": 0.14538312935444897,
      "cagr": 0.1440649761425814,
      "volatility": 0.21804262117857703,
      "sharpe": 0.19032972856374586,
      "sortino": 0.3056582109435968,
      "calmar": 0.63754407083757,
      "max_drawdown": 0.22803620330662425,
      "var": 0.02384813270413366,
      "cvar": 0.029327260546367386,
      "mean_daily_turnover": 0.0017324402407390505,
      "annualized_turnover": 0.4365749406662407,
      "transaction_cost_drag": 0.0002993658635591645,
      "win_rate": 0.5260416666666666,
      "information_ratio": 0.4526356657048235,
      "final_apv": 1.3637810280162908,
      "total_return_ci": [
        0.3637810280163021,
        -0.32132123868153095,
        1.6043226649276894
      ],
      "sharpe_ci": [
        0.19032972856374586,
        -1.254611635087025,
        1.5070823481449058
      ]
    },
    "random_rebalancing": {
      "total_return": -0.03046972502408485,
      "annualized_return": -0.01344659100501766,
      "cagr": -0.013333284722494176,
      "volatility": 0.23767340033509368,
      "sharpe": -0.4341866490483603,
      "sortino": -0.7148636523496491,
      "calmar": -0.04170784240693789,
      "max_drawdown": 0.32239958312446504,
      "var": 0.024055527045786618,
      "cvar": 0.030732310161729032,
      "mean_daily_turnover": 0.49500418342268127,
      "annualized_turnover": 124.74105422251569,
      "transaction_cost_drag": 0.15409145756898746,
      "win_rate": 0.5,
      "information_ratio": -0.9357358508710447,
      "final_apv": 0.9695302749759152,
      "total_return_ci": [
        -0.030469725024088734,
        -0.5890471498797314,
        0.9973329940978387
      ],
      "sharpe_ci": [
        -0.4341866490483603,
        -2.039156720596766,
        0.8854645021086732
      ]
    },
    "constant_cash": {
      "total_return": 0.3093870554449252,
      "annualized_return": 0.12516773223176614,
      "cagr": 0.12404262990781834,
      "volatility": 0.0008020814813967305,
      "sharpe": NaN,
      "sortino": NaN,
      "calmar": NaN,
      "max_drawdown": 0.0,
      "var": -0.00034749000000000585,
      "cvar": -0.0003389453333333551,
      "mean_daily_turnover": 0.0,
      "annualized_turnover": 0.0,
      "transaction_cost_drag": 0.0,
      "win_rate": 1.0,
      "information_ratio": -0.004430907548781737,
      "final_apv": 1.3093870554449252,
      "total_return_ci": [
        0.3093870554449252,
        0.29840223310268377,
        0.32386153192342737
      ],
      "sharpe_ci": [
        NaN,
        -3.2268209535876013,
        5.188533188005412
      ]
    },
    "bova11": {
      "total_return": 0.25613574450244014,
      "annualized_return": 0.10491406291715011,
      "cagr": 0.10397931617720113,
      "volatility": 0.19524290144870174,
      "sharpe": 0.004430907548781737,
      "sortino": 0.007211857856746658,
      "calmar": 0.49882072609646183,
      "max_drawdown": 0.21032418548074094,
      "var": 0.02075230611891274,
      "cvar": 0.025564307347981544,
      "mean_daily_turnover": 0.0,
      "annualized_turnover": 0.0,
      "transaction_cost_drag": 0.0,
      "win_rate": 0.5208333333333334,
      "information_ratio": NaN,
      "final_apv": 1.2561357445024401,
      "total_return_ci": [
        0.25613574450243637,
        -0.30944234013856636,
        1.1521787093672473
      ],
      "sharpe_ci": [
        0.004430907548781737,
        -1.3397796836846467,
        1.227085255015919
      ]
    }
  }
}