{
  "agent": {
    "total_return": 0.17921226602560125,
    "annualized_return": 0.13328960841893478,
    "cagr": 0.13544633027412556,
    "volatility": 0.24172312902187118,
    "sharpe": 0.33115543249518775,
    "sortino": 0.42658056904586383,
    "calmar": 0.5689883672189812,
    "max_drawdown": 0.23425717659292122,
    "var": 0.023122695243919085,
    "cvar": 0.03711960935057962,
    "mean_daily_turnover": 0.07807591405718219,
    "annualized_turnover": 19.67513034240991,
    "transaction_cost_drag": 0.015134585826675484,
    "win_rate": 0.5210843373493976,
    "information_ratio": 0.02652250447136183,
    "final_apv": 1.1792122660256013,
    "allocation_entropy": 0.5784876645056786,
    "effective_n_holdings": 15.743642684499278,
    "mean_cash_weight": 0.0010510093893791204,
    "frac_days_cash_gt90": 0.0,
    "frac_days_single_name_gt70": 0.012048192771084338,
    "argmax_switches": 0,
    "mean_position_lifetime": 23.984520123839008,
    "total_return_ci": [
      0.17921226602559703,
      -0.2416273199373756,
      0.8036306925304474
    ],
    "sharpe_ci": [
      0.33115543249518775,
      -0.891650190446529,
      2.1077283500475263
    ]
  },
  "baselines": {
    "ubah": {
      "total_return": 0.1857677957331716,
      "annualized_return": 0.13806851839879908,
      "cagr": 0.14030724356618585,
      "volatility": 0.1940153676582664,
      "sharpe": 0.38247277975761096,
      "sortino": 0.4917598855319761,
      "calmar": 0.7056595091449641,
      "max_drawdown": 0.19565883632191736,
      "var": 0.018049430615639905,
      "cvar": 0.027792772826399893,
      "mean_daily_turnover": 0.0029529884242853765,
      "annualized_turnover": 0.7441530829199149,
      "transaction_cost_drag": 0.00029411937720946746,
      "win_rate": 0.5481927710843374,
      "information_ratio": -0.01892122174956177,
      "final_apv": 1.1857677957331716,
      "allocation_entropy": 0.7587070318279536,
      "effective_n_holdings": 48.31049800164444,
      "mean_cash_weight": 0.01778656996671709,
      "frac_days_cash_gt90": 0.0,
      "frac_days_single_name_gt70": 0.0,
      "argmax_switches": 0,
      "mean_position_lifetime": 303.8333333333333,
      "total_return_ci": [
        0.18576779573317448,
        -0.2412881830418857,
        0.9403876508422133
      ],
      "sharpe_ci": [
        0.38247277975761096,
        -1.3540597610008007,
        2.6439785331160213
      ]
    },
    "ucrp": {
      "total_return": 0.19529985494059132,
      "annualized_return": 0.1450059467968925,
      "cagr": 0.14736426579547168,
      "volatility": 0.19543177991899088,
      "sharpe": 0.41241722102502293,
      "sortino": 0.5267625743765039,
      "calmar": 0.7862327066909199,
      "max_drawdown": 0.1844313338314181,
      "var": 0.018208649265267912,
      "cvar": 0.028373465133023426,
      "mean_daily_turnover": 0.010104265209267481,
      "annualized_turnover": 2.5462748327354054,
      "transaction_cost_drag": 0.0017000954767556475,
      "win_rate": 0.5331325301204819,
      "information_ratio": 0.0709363193233935,
      "final_apv": 1.1952998549405913,
      "allocation_entropy": 0.7638329004097675,
      "effective_n_holdings": 51.0,
      "mean_cash_weight": 0.019607843137254898,
      "frac_days_cash_gt90": 0.0,
      "frac_days_single_name_gt70": 0.0,
      "argmax_switches": 0,
      "mean_position_lifetime": 272.1311475409836,
      "total_return_ci": [
        0.19529985494059487,
        -0.22912877867010628,
        0.9556460739613513
      ],
      "sharpe_ci": [
        0.41241722102502293,
        -1.2910077704194265,
        2.7130627226464483
      ]
    },
    "best_stock": {
      "total_return": 1.7291668398277666,
      "annualized_return": 1.1427060471128199,
      "cagr": 1.167661866963435,
      "volatility": 0.33455734506343515,
      "sharpe": 2.2107711617024504,
      "sortino": 3.46088191671505,
      "calmar": 6.155315690341872,
      "max_drawdown": 0.18564540059347515,
      "var": 0.027617543394566884,
      "cvar": 0.040391028092850535,
      "mean_daily_turnover": 0.0030120481927710845,
      "annualized_turnover": 0.7590361445783133,
      "transaction_cost_drag": 0.00030000000003671534,
      "win_rate": 0.5391566265060241,
      "information_ratio": 1.6320337041834476,
      "final_apv": 2.7291668398277666,
      "allocation_entropy": 9.179037747600897e-10,
      "effective_n_holdings": 1.0,
      "mean_cash_weight": 0.0,
      "frac_days_cash_gt90": 0.0,
      "frac_days_single_name_gt70": 1.0,
      "argmax_switches": 0,
      "mean_position_lifetime": 332.0,
      "total_return_ci": [
        1.7291668398277587,
        0.10464112148074216,
        4.286916453793507
      ],
      "sharpe_ci": [
        2.2107711617024504,
        0.16534381318302566,
        3.6009272565539394
      ]
    },
    "random_portfolio": {
      "total_return": 0.19967735448610036,
      "annualized_return": 0.14818741848862693,
      "cagr": 0.15060080018710043,
      "volatility": 0.20742196566459908,
      "sharpe": 0.4135428369591237,
      "sortino": 0.5457989585344012,
      "calmar": 0.8140611222402884,
      "max_drawdown": 0.18203475689984627,
      "var": 0.01886462371737251,
      "cvar": 0.028868335039310664,
      "mean_daily_turnover": 0.0029694954672759514,
      "annualized_turnover": 0.7483128577535397,
      "transaction_cost_drag": 0.00029576300209532835,
      "win_rate": 0.5451807228915663,
      "information_ratio": 0.11959253625166635,
      "final_apv": 1.1996773544861004,
      "allocation_entropy": 0.6642195356365638,
      "effective_n_holdings": 22.019985875811386,
      "mean_cash_weight": 0.012689508514287568,
      "frac_days_cash_gt90": 0.0,
      "frac_days_single_name_gt70": 0.0,
      "argmax_switches": 0,
      "mean_position_lifetime": 140.23076923076923,
      "total_return_ci": [
        0.19967735448610102,
        -0.2350098844751111,
        0.951027229020331
      ],
      "sharpe_ci": [
        0.4135428369591237,
        -1.1844576089864312,
        2.5055789163791617
      ]
    },
    "random_rebalancing": {
      "total_return": 0.11954465379168999,
      "annualized_return": 0.0894924140040474,
      "cagr": 0.09091227550378922,
      "volatility": 0.20852221923461925,
      "sharpe": 0.15942768453658987,
      "sortino": 0.1983050395040253,
      "calmar": 0.48873974021879935,
      "max_drawdown": 0.1831085271764137,
      "var": 0.018969427773034595,
      "cvar": 0.029508102129423792,
      "mean_daily_turnover": 0.49839264696131397,
      "annualized_turnover": 125.59494703425112,
      "transaction_cost_drag": 0.09277430920631213,
      "win_rate": 0.5271084337349398,
      "information_ratio": -0.4898061535507165,
      "final_apv": 1.11954465379169,
      "allocation_entropy": 0.6842140724130603,
      "effective_n_holdings": 26.532828972568364,
      "mean_cash_weight": 0.0175421868977879,
      "frac_days_cash_gt90": 0.0,
      "frac_days_single_name_gt70": 0.0,
      "argmax_switches": 0,
      "mean_position_lifetime": 2.4958985831469054,
      "total_return_ci": [
        0.11954465379169066,
        -0.24278013313073943,
        0.7971819152674334
      ],
      "sharpe_ci": [
        0.15942768453658987,
        -1.2070979316177481,
        2.221030368698808
      ]
    },
    "constant_cash": {
      "total_return": 0.10287941093035524,
      "annualized_return": 0.07716023230049229,
      "cagr": 0.07837747374956083,
      "volatility": 0.0008905330530689566,
      "sharpe": NaN,
      "sortino": NaN,
      "calmar": NaN,
      "max_drawdown": 0.0,
      "var": -0.0002458299999998914,
      "cvar": -0.0002458299999998914,
      "mean_daily_turnover": 0.0,
      "annualized_turnover": 0.0,
      "transaction_cost_drag": 0.0,
      "win_rate": 1.0,
      "information_ratio": -0.36301343243570083,
      "final_apv": 1.1028794109303552,
      "allocation_entropy": 9.179037747600897e-10,
      "effective_n_holdings": 1.0,
      "mean_cash_weight": 1.0,
      "frac_days_cash_gt90": 1.0,