{
  "1": {
    "train": {
      "daily_ic": 0.0009469465157767138,
      "perm_null_975pct": 0.013821160239212281,
      "p_value": 0.443,
      "n_days": 456.0
    },
    "val": {
      "daily_ic": 0.0010425544041388186,
      "perm_null_975pct": 0.009230454117690681,
      "p_value": 0.428,
      "n_days": 988.0
    },
    "signal": false
  },
  "5": {
    "train": {
      "daily_ic": 0.007946668731384323,
      "perm_null_975pct": 0.013874255468805469,
      "p_value": 0.133,
      "n_days": 456.0
    },
    "val": {
      "daily_ic": 0.005318910277445401,
      "perm_null_975pct": 0.008749481828711787,
      "p_value": 0.136,
      "n_days": 988.0
    },
    "signal": false
  },
  "21": {
    "train": {
      "daily_ic": -0.015814085834066127,
      "perm_null_975pct": 0.013882289819536112,
      "p_value": 0.984,
      "n_days": 456.0
    },
    "val": {
      "daily_ic": -0.00042447027166082993,
      "perm_null_975pct": 0.009206592643635813,
      "p_value": 0.528,
      "n_days": 988.0
    },
    "signal": false
  }
}