{
  "agent": {
    "total_return": -0.14932594559447665,
    "annualized_return": -0.06831008545983974,
    "cagr": -0.06775068843095589,
    "volatility": 0.2904883457625148,
    "sharpe": -0.503469780863075,
    "sortino": -0.6324590156039271,
    "calmar": -0.16791197162489369,
    "max_drawdown": 0.4068208168768383,
    "var": 0.029014784082884798,
    "cvar": 0.046749767843733,
    "mean_daily_turnover": 0.15130096421378736,
    "annualized_turnover": 38.127842981874416,
    "transaction_cost_drag": 0.03790371185692665,
    "win_rate": 0.5381944444444444,
    "information_ratio": -0.5407304104657235,
    "final_apv": 0.8506740544055233,
    "total_return_ci": [
      -0.14932594559447454,
      -0.6060272369378307,
      0.7609339610380473
    ],
    "sharpe_ci": [
      -0.503469780863075,
      -1.5356659955142868,
      0.6262671297922308
    ]
  },
  "baselines": {
    "ubah": {
      "total_return": 0.3701921810698028,
      "annualized_return": 0.14773572428322823,
      "cagr": 0.14639490875204508,
      "volatility": 0.19980253284526134,
      "sharpe": 0.199019796951729,
      "sortino": 0.3178425623416006,
      "calmar": 0.700897749303986,
      "max_drawdown": 0.21078070864107434,
      "var": 0.020966955354402707,
      "cvar": 0.026318171200016487,
      "mean_daily_turnover": 0.0017020697167755988,
      "annualized_turnover": 0.4289215686274509,
      "transaction_cost_drag": 0.0002941193772365569,
      "win_rate": 0.5225694444444444,
      "information_ratio": 0.5568782051770416,
      "final_apv": 1.3701921810698028,
      "total_return_ci": [
        0.37019218106981167,
        -0.2682444606548477,
        1.639560145707289
      ],
      "sharpe_ci": [
        0.199019796951729,
        -1.1907243623325368,
        1.5999428941103888
      ]
    },
    "ucrp": {
      "total_return": 0.13141251500326612,
      "annualized_return": 0.05550228547646019,
      "cagr": 0.05501872808091002,
      "volatility": 0.22902778350985267,
      "sharpe": -0.16459973043939907,
      "sortino": -0.2754268104372307,
      "calmar": 0.21380183988351617,
      "max_drawdown": 0.25959685616690215,
      "var": 0.022963444796954665,
      "cvar": 0.029202998809392026,
      "mean_daily_turnover": 0.010252115044635671,
      "annualized_turnover": 2.5835329912481892,
      "transaction_cost_drag": 0.0032059132455868333,
      "win_rate": 0.5,
      "information_ratio": -0.4079888874174425,
      "final_apv": 1.1314125150032661,
      "total_return_ci": [
        0.13141251500326367,
        -0.4707938308685954,
        1.3366666000922076
      ],
      "sharpe_ci": [
        -0.16459973043939907,
        -1.6302610044845056,
        1.2206027301018532
      ]
    },
    "best_stock": {
      "total_return": 6.395704043750506,
      "annualized_return": 1.3998192990103164,
      "cagr": 1.3820639123104135,
      "volatility": 0.44713532667207967,
      "sharpe": 1.8486926437117615,
      "sortino": 3.2392916026170107,
      "calmar": 4.563497590891198,
      "max_drawdown": 0.3067426400759747,
      "var": 0.03531708128065307,
      "cvar": 0.05390635719744054,
      "mean_daily_turnover": 0.001736111111111111,
      "annualized_turnover": 0.4375,
      "transaction_cost_drag": 0.0003000000000638048,
      "win_rate": 0.5434027777777778,
      "information_ratio": 2.1197889533109384,
      "final_apv": 7.395704043750506,
      "total_return_ci": [
        6.395704043750433,
        0.9138607828039252,
        27.924619951776144
      ],
      "sharpe_ci": [
        1.8486926437117615,
        0.6271885619586642,
        3.0377701207371004
      ]
    },
    "random_portfolio": {
      "total_return": 0.36564834723610384,
      "annualized_return": 0.14606898955957726,
      "cagr": 0.14474423371155987,
      "volatility": 0.20183884699064789,
      "sharpe": 0.1917822740788441,
      "sortino": 0.31342328508761397,
      "calmar": 0.7632118886114853,
      "max_drawdown": 0.19138720418168698,
      "var": 0.020676265772140823,
      "cvar": 0.0262669052457189,
      "mean_daily_turnover": 0.0016529761836150602,
      "annualized_turnover": 0.4165499982709952,
      "transaction_cost_drag": 0.00028563838799233743,
      "win_rate": 0.5295138888888888,
      "information_ratio": 0.4922904261463621,
      "final_apv": 1.3656483472361038,
      "total_return_ci": [
        0.3656483472361123,
        -0.27696803397314596,
        1.629570252684102
      ],
      "sharpe_ci": [
        0.1917822740788441,
        -1.1830376161421035,
        1.5848659754793422
      ]
    },
    "random_rebalancing": {
      "total_return": 0.017291057383042263,
      "annualized_return": 0.0075283766527947105,
      "cagr": 0.007464274144816763,
      "volatility": 0.23612660197570495,
      "sharpe": -0.3497316331506923,
      "sortino": -0.5644939244334252,
      "calmar": 0.026947920131984878,
      "max_drawdown": 0.27936763267526427,
      "var": 0.024535526246399892,
      "cvar": 0.031109280420311237,
      "mean_daily_turnover": 0.5012354957793297,
      "annualized_turnover": 126.31134493639108,
      "transaction_cost_drag": 0.1561714976658527,
      "win_rate": 0.4982638888888889,
      "information_ratio": -0.7523293776031675,
      "final_apv": 1.0172910573830423,
      "total_return_ci": [
        0.01729105738304093,
        -0.5250101562947745,
        1.0955669720907137
      ],
      "sharpe_ci": [
        -0.3497316331506923,
        -1.8045180723853436,
        0.981764531935301
      ]
    },
    "constant_cash": {
      "total_return": 0.3093870554449252,
      "annualized_return": 0.12516773223176614,
      "cagr": 0.12404262990781834,
      "volatility": 0.0008020814813967305,
      "sharpe": NaN,
      "sortino": NaN,
      "calmar": NaN,
      "max_drawdown": 0.0,
      "var": -0.00034749000000000585,
      "cvar": -0.0003389453333333551,
      "mean_daily_turnover": 0.0,
      "annualized_turnover": 0.0,
      "transaction_cost_drag": 0.0,
      "win_rate": 1.0,
      "information_ratio": -0.004430907548781737,
      "final_apv": 1.3093870554449252,
      "total_return_ci": [
        0.3093870554449252,
        0.29810980662251535,
        0.32325404465164514
      ],
      "sharpe_ci": [
        NaN,
        -3.3457893773559544,
        5.142435662464072
      ]
    },
    "bova11": {
      "total_return": 0.25613574450244014,
      "annualized_return": 0.10491406291715011,
      "cagr": 0.10397931617720113,
      "volatility": 0.19524290144870174,
      "sharpe": 0.004430907548781737,
      "sortino": 0.007211857856746658,
      "calmar": 0.49882072609646183,
      "max_drawdown": 0.21032418548074094,
      "var": 0.02075230611891274,
      "cvar": 0.025564307347981544,
      "mean_daily_turnover": 0.0,
      "annualized_turnover": 0.0,
      "transaction_cost_drag": 0.0,
      "win_rate": 0.5208333333333334,
      "information_ratio": NaN,
      "final_apv": 1.2561357445024401,
      "total_return_ci": [
        0.25613574450243637,
        -0.2894868878037831,
        1.2354097766711019
      ],
      "sharpe_ci": [
        0.004430907548781737,
        -1.2538414937513527,
        1.3338137704872737
      ]
    }
  }
}