{
  "agent": {
    "total_return": 0.09374032831392909,
    "annualized_return": 0.07037831937522765,
    "cagr": 0.07148506042179914,
    "volatility": 0.015200803682329069,
    "sharpe": -0.41025757651353983,
    "sortino": -0.46616559148206654,
    "calmar": 6.042742670778815,
    "max_drawdown": 0.011646751021776836,
    "var": 0.0011830022975839016,
    "cvar": 0.0021792449723800704,
    "mean_daily_turnover": 0.00808178953769568,
    "annualized_turnover": 2.0366109634993115,
    "transaction_cost_drag": 0.001010671436324273,
    "win_rate": 0.7108433734939759,
    "information_ratio": -0.41191222867052546,
    "final_apv": 1.093740328313929,
    "allocation_entropy": 0.07725315741956751,
    "effective_n_holdings": 1.1419225721227917,
    "mean_cash_weight": 0.9374058004244264,
    "frac_days_cash_gt90": 0.8283132530120482,
    "frac_days_single_name_gt70": 0.0,
    "argmax_switches": 0,
    "mean_position_lifetime": 8.5,
    "total_return_ci": [
      0.09374032831392753,
      0.049202552092017536,
      0.14294473169047467
    ],
    "sharpe_ci": [
      -0.41025757651353983,
      -2.71617267468024,
      1.9463454496566146
    ]
  },
  "baselines": {
    "ubah": {
      "total_return": 0.1857677957331716,
      "annualized_return": 0.13806851839879908,
      "cagr": 0.14030724356618585,
      "volatility": 0.1940153676582664,
      "sharpe": 0.38247277975761096,
      "sortino": 0.4917598855319761,
      "calmar": 0.7056595091449641,
      "max_drawdown": 0.19565883632191736,
      "var": 0.018049430615639905,
      "cvar": 0.027792772826399893,
      "mean_daily_turnover": 0.0029529884242853765,
      "annualized_turnover": 0.7441530829199149,
      "transaction_cost_drag": 0.00029411937720946746,
      "win_rate": 0.5481927710843374,
      "information_ratio": -0.01892122174956177,
      "final_apv": 1.1857677957331716,
      "allocation_entropy": 0.7587070318279536,
      "effective_n_holdings": 48.31049800164444,
      "mean_cash_weight": 0.01778656996671709,
      "frac_days_cash_gt90": 0.0,
      "frac_days_single_name_gt70": 0.0,
      "argmax_switches": 0,
      "mean_position_lifetime": 303.8333333333333,
      "total_return_ci": [
        0.18576779573317448,
        -0.2449712470126167,
        0.8864160728581615
      ],
      "sharpe_ci": [
        0.38247277975761096,
        -1.3145094660521468,
        2.5913717703381787
      ]
    },
    "ucrp": {
      "total_return": 0.19529985494059132,
      "annualized_return": 0.1450059467968925,
      "cagr": 0.14736426579547168,
      "volatility": 0.19543177991899088,
      "sharpe": 0.41241722102502293,
      "sortino": 0.5267625743765039,
      "calmar": 0.7862327066909199,
      "max_drawdown": 0.1844313338314181,
      "var": 0.018208649265267912,
      "cvar": 0.028373465133023426,
      "mean_daily_turnover": 0.010104265209267481,
      "annualized_turnover": 2.5462748327354054,
      "transaction_cost_drag": 0.0017000954767556475,
      "win_rate": 0.5331325301204819,
      "information_ratio": 0.0709363193233935,
      "final_apv": 1.1952998549405913,
      "allocation_entropy": 0.7638329004097675,
      "effective_n_holdings": 51.0,
      "mean_cash_weight": 0.019607843137254898,
      "frac_days_cash_gt90": 0.0,
      "frac_days_single_name_gt70": 0.0,
      "argmax_switches": 0,
      "mean_position_lifetime": 272.1311475409836,
      "total_return_ci": [
        0.19529985494059487,
        -0.21836865360231775,
        0.9230454932865771
      ],
      "sharpe_ci": [
        0.41241722102502293,
        -1.2393617198036342,
        2.6399326274319788
      ]
    },
    "best_stock": {
      "total_return": 1.7291668398277666,
      "annualized_return": 1.1427060471128199,
      "cagr": 1.167661866963435,
      "volatility": 0.33455734506343515,
      "sharpe": 2.2107711617024504,
      "sortino": 3.46088191671505,
      "calmar": 6.155315690341872,
      "max_drawdown": 0.18564540059347515,
      "var": 0.027617543394566884,
      "cvar": 0.040391028092850535,
      "mean_daily_turnover": 0.0030120481927710845,
      "annualized_turnover": 0.7590361445783133,
      "transaction_cost_drag": 0.00030000000003671534,
      "win_rate": 0.5391566265060241,
      "information_ratio": 1.6320337041834476,
      "final_apv": 2.7291668398277666,
      "allocation_entropy": 9.179037747600897e-10,
      "effective_n_holdings": 1.0,
      "mean_cash_weight": 0.0,
      "frac_days_cash_gt90": 0.0,
      "frac_days_single_name_gt70": 1.0,
      "argmax_switches": 0,
      "mean_position_lifetime": 332.0,
      "total_return_ci": [
        1.7291668398277587,
        0.0938545327413744,
        4.736773957009165
      ],
      "sharpe_ci": [
        2.2107711617024504,
        0.12187500767456953,
        3.707362692027732
      ]
    },
    "random_portfolio": {
      "total_return": 0.21322335129406556,
      "annualized_return": 0.15801469725541395,
      "cagr": 0.16059902160242134,
      "volatility": 0.19802937380285332,
      "sharpe": 0.4662110232973405,
      "sortino": 0.6282140955688601,
      "calmar": 0.8762042806612523,
      "max_drawdown": 0.18034001972252828,
      "var": 0.018358350374742857,
      "cvar": 0.027299232362640726,
      "mean_daily_turnover": 0.0029598642592473454,
      "annualized_turnover": 0.745885793330331,
      "transaction_cost_drag": 0.0002948040125073659,
      "win_rate": 0.5331325301204819,
      "information_ratio": 0.18399066162492303,
      "final_apv": 1.2132233512940656,
      "allocation_entropy": 0.6677336535035495,
      "effective_n_holdings": 21.314597966770584,
      "mean_cash_weight": 0.015711804288782362,
      "frac_days_cash_gt90": 0.0,
      "frac_days_single_name_gt70": 0.0,
      "argmax_switches": 0,
      "mean_position_lifetime": 209.2826086956522,
      "total_return_ci": [
        0.213223351294068,
        -0.22114097536092064,
        0.8934922353498101
      ],
      "sharpe_ci": [
        0.4662110232973405,
        -1.2099636709964703,
        2.415428912114877
      ]
    },
    "random_rebalancing": {
      "total_return": 0.050907199232675726,
      "annualized_return": 0.038408260157902774,
      "cagr": 0.03900310692664766,
      "volatility": 0.20199313271412675,
      "sharpe": -0.08212682306354413,
      "sortino": -0.09877360623569736,
      "calmar": 0.1710354813009336,
      "max_drawdown": 0.22456311325440237,
      "var": 0.02030891027490762,
      "cvar": 0.03139415983787726,
      "mean_daily_turnover": 0.4965095591475799,
      "annualized_turnover": 125.12040890519013,
      "transaction_cost_drag": 0.09227655598091167,
      "win_rate": 0.5030120481927711,
      "information_ratio": -1.0550192118363924,
      "final_apv": 1.0509071992326757,
      "allocation_entropy": 0.6831660609627314,
      "effective_n_holdings": 26.300776750968662,
      "mean_cash_weight": 0.020141447150354413,
      "frac_days_cash_gt90": 0.0,
      "frac_days_single_name_gt70": 0.0,
      "argmax_switches": 0,
      "mean_position_lifetime": 2.5053844227397946,
      "total_return_ci": [
        0.05090719923267706,
        -0.33059647768333694,
        0.7435900573572672
      ],
      "sharpe_ci": [
        -0.08212682306354413,
        -1.7111422369201228,
        2.18859448281877
      ]
    },
    "constant_cash": {
      "total_return": 0.10287941093035524,
      "annualized_return": 0.07716023230049229,
      "cagr": 0.07837747374956083,
      "volatility": 0.0008905330530689566,
      "sharpe": NaN,
      "sortino": NaN,
      "calmar": NaN,
      "max_drawdown": 0.0,
      "var": -0.0002458299999998914,
      "cvar": -0.0002458299999998914,
      "mean_daily_turnover": 0.0,
      "annualized_turnover": 0.0,
      "transaction_cost_drag": 0.0,
      "win_rate": 1.0,
      "information_ratio": -0.36301343243570083,
      "final_apv": 1.1028794109303552,
      "allocation_entropy": 9.179037747600897e-10,
      "effective_n_holdings": 1.0,
      "mean_cash_weight": 1.0,
      "frac_days_cash_gt90": 1.0,