{
  "agent": {
    "total_return": 0.10477535006015049,
    "annualized_return": 0.044557530430182846,
    "cagr": 0.04417131245890982,
    "volatility": 0.36506098632829115,
    "sharpe": -0.017368695376279872,
    "sortino": -0.024002705974212814,
    "calmar": 0.10501134223311626,
    "max_drawdown": 0.42431159799166185,
    "var": 0.03196536766293008,
    "cvar": 0.05387980725407544,
    "mean_daily_turnover": 0.20069165728137728,
    "annualized_turnover": 50.574297634907076,
    "transaction_cost_drag": 0.04709933144006828,
    "win_rate": 0.6041666666666666,
    "information_ratio": -0.020889206525676482,
    "final_apv": 1.1047753500601505,
    "allocation_entropy": 0.16951746223765338,
    "effective_n_holdings": 2.0839879833304615,
    "mean_cash_weight": 0.5399083988533309,
    "frac_days_cash_gt90": 0.22569444444444445,
    "frac_days_single_name_gt70": 0.11805555555555555,
    "argmax_switches": 0,
    "mean_position_lifetime": 3.6865079365079363,
    "total_return_ci": [
      0.10477535006014937,
      -0.5964350241298004,
      2.0967498480022426
    ],
    "sharpe_ci": [
      -0.017368695376279872,
      -1.2955165546364138,
      1.0812116229094415
    ]
  },
  "baselines": {
    "ubah": {
      "total_return": 0.3701921810698028,
      "annualized_return": 0.14773572428322823,
      "cagr": 0.14639490875204508,
      "volatility": 0.19980253284526134,
      "sharpe": 0.199019796951729,
      "sortino": 0.3178425623416006,
      "calmar": 0.700897749303986,
      "max_drawdown": 0.21078070864107434,
      "var": 0.020966955354402707,
      "cvar": 0.026318171200016487,
      "mean_daily_turnover": 0.0017020697167755988,
      "annualized_turnover": 0.4289215686274509,
      "transaction_cost_drag": 0.0002941193772365569,
      "win_rate": 0.5225694444444444,
      "information_ratio": 0.5568782051770416,
      "final_apv": 1.3701921810698028,
      "allocation_entropy": 0.7323772540327229,
      "effective_n_holdings": 37.234305188507996,
      "mean_cash_weight": 0.020228411840158753,
      "frac_days_cash_gt90": 0.0,
      "frac_days_single_name_gt70": 0.0,
      "argmax_switches": 0,
      "mean_position_lifetime": 207.4322033898305,
      "total_return_ci": [
        0.37019218106981167,
        -0.28924787443991223,
        1.4734510574278044
      ],
      "sharpe_ci": [
        0.199019796951729,
        -1.2580116871441673,
        1.5375417016008717
      ]
    },
    "ucrp": {
      "total_return": 0.13141251500326612,
      "annualized_return": 0.05550228547646019,
      "cagr": 0.05501872808091002,
      "volatility": 0.22902778350985267,
      "sharpe": -0.16459973043939907,
      "sortino": -0.2754268104372307,
      "calmar": 0.21380183988351617,
      "max_drawdown": 0.25959685616690215,
      "var": 0.022963444796954665,
      "cvar": 0.029202998809392026,
      "mean_daily_turnover": 0.010252115044635671,
      "annualized_turnover": 2.5835329912481892,
      "transaction_cost_drag": 0.0032059132455868333,
      "win_rate": 0.5,
      "information_ratio": -0.4079888874174425,
      "final_apv": 1.1314125150032661,
      "allocation_entropy": 0.7638329004097677,
      "effective_n_holdings": 51.0,
      "mean_cash_weight": 0.0196078431372549,
      "frac_days_cash_gt90": 0.0,
      "frac_days_single_name_gt70": 0.0,
      "argmax_switches": 0,
      "mean_position_lifetime": 400.0,
      "total_return_ci": [
        0.13141251500326367,
        -0.4712189597990545,
        1.1959707974039164
      ],
      "sharpe_ci": [
        -0.16459973043939907,
        -1.6460459781895198,
        1.0970431640607252
      ]
    },
    "best_stock": {
      "total_return": 6.395704043750506,
      "annualized_return": 1.3998192990103164,
      "cagr": 1.3820639123104135,
      "volatility": 0.44713532667207967,
      "sharpe": 1.8486926437117615,
      "sortino": 3.2392916026170107,
      "calmar": 4.563497590891198,
      "max_drawdown": 0.3067426400759747,
      "var": 0.03531708128065307,
      "cvar": 0.05390635719744054,
      "mean_daily_turnover": 0.001736111111111111,
      "annualized_turnover": 0.4375,
      "transaction_cost_drag": 0.0003000000000638048,
      "win_rate": 0.5434027777777778,
      "information_ratio": 2.1197889533109384,
      "final_apv": 7.395704043750506,
      "allocation_entropy": 9.179037747600897e-10,
      "effective_n_holdings": 1.0,
      "mean_cash_weight": 0.0,
      "frac_days_cash_gt90": 0.0,
      "frac_days_single_name_gt70": 1.0,
      "argmax_switches": 0,
      "mean_position_lifetime": 576.0,
      "total_return_ci": [
        6.395704043750433,
        0.9379953214814285,
        23.64029287879782
      ],
      "sharpe_ci": [
        1.8486926437117615,
        0.6263678000107249,
        2.952325865614103
      ]
    },
    "random_portfolio": {
      "total_return": 0.35327323365465624,
      "annualized_return": 0.14151376482547695,
      "cagr": 0.14023279649129683,
      "volatility": 0.2012659774952707,
      "sharpe": 0.1721003180802674,
      "sortino": 0.2750399968358188,
      "calmar": 0.6961701732689239,
      "max_drawdown": 0.20327467372092015,
      "var": 0.019187340033077475,
      "cvar": 0.026599450691494983,
      "mean_daily_turnover": 0.001711584192943777,
      "annualized_turnover": 0.4313192166218318,
      "transaction_cost_drag": 0.0002957630021224178,
      "win_rate": 0.5260416666666666,
      "information_ratio": 0.41263978307790716,
      "final_apv": 1.3532732336546562,
      "allocation_entropy": 0.6581559496712006,
      "effective_n_holdings": 22.282445812103383,
      "mean_cash_weight": 0.014489476325652482,
      "frac_days_cash_gt90": 0.0,
      "frac_days_single_name_gt70": 0.0,
      "argmax_switches": 0,
      "mean_position_lifetime": 206.5,
      "total_return_ci": [
        0.35327323365467467,
        -0.3018166639238598,
        1.2685923684322562
      ],
      "sharpe_ci": [
        0.1721003180802674,
        -1.3059386801515411,
        1.2727080938055724
      ]
    },
    "random_rebalancing": {
      "total_return": -0.030852916321123303,
      "annualized_return": -0.013617199716904116,
      "cagr": -0.013502465678398634,
      "volatility": 0.23533719768769767,
      "sharpe": -0.44126011236372326,
      "sortino": -0.7336133881058001,
      "calmar": -0.041975171424236804,
      "max_drawdown": 0.32441081846401787,
      "var": 0.023186173840645898,
      "cvar": 0.030166635087016624,
      "mean_daily_turnover": 0.49628044301779106,
      "annualized_turnover": 125.06267164048334,
      "transaction_cost_drag": 0.15487002881541667,
      "win_rate": 0.5017361111111112,
      "information_ratio": -0.9786201652952291,
      "final_apv": 0.9691470836788767,
      "allocation_entropy": 0.6842186577890172,
      "effective_n_holdings": 26.54331719336887,
      "mean_cash_weight": 0.01831504382578242,
      "frac_days_cash_gt90": 0.0,
      "frac_days_single_name_gt70": 0.0,
      "argmax_switches": 0,
      "mean_position_lifetime": 2.5095100864553315,
      "total_return_ci": [
        -0.03085291632112186,
        -0.5882214757391263,
        1.0081236977978731
      ],
      "sharpe_ci": [
        -0.44126011236372326,
        -2.025623181488825,
        0.8777649793775508
      ]
    },
    "constant_cash": {
      "total_return": 0.3093870554449252,
      "annualized_return": 0.12516773223176614,
      "cagr": 0.12404262990781834,
      "volatility": 0.0008020814813967305,
      "sharpe": NaN,
      "sortino": NaN,
      "calmar": NaN,
      "max_drawdown": 0.0,
      "var": -0.00034749000000000585,
      "cvar": -0.0003389453333333551,
      "mean_daily_turnover": 0.0,
      "annualized_turnover": 0.0,
      "transaction_cost_drag": 0.0,
      "win_rate": 1.0,
      "information_ratio": -0.004430907548781737,
      "final_apv": 1.3093870554449252,
      "allocation_entropy": 9.179037747600897e-10,
      "effective_n_holdings": 1.0,
      "mean_cash_weight": 1.0,
      "frac_days_cash_gt90": 1.0,