{
  "agent": {
    "total_return": 0.2566962248047333,
    "annualized_return": 0.10512972601904336,
    "cagr": 0.10419296868712236,
    "volatility": 0.15892547360656373,
    "sharpe": -0.03314815014977276,
    "sortino": -0.04145466283899249,
    "calmar": 0.7066461834300669,
    "max_drawdown": 0.14877279250096948,
    "var": 0.011786073852680488,
    "cvar": 0.02376272436866408,
    "mean_daily_turnover": 0.015678719087102708,
    "annualized_turnover": 3.9510372099498823,
    "transaction_cost_drag": 0.0030093952805632096,
    "win_rate": 0.6875,
    "information_ratio": -0.02825581066265601,
    "final_apv": 1.2566962248047333,
    "allocation_entropy": 0.08226363236469832,
    "effective_n_holdings": 1.2825263306969168,
    "mean_cash_weight": 0.8798459296425184,
    "frac_days_cash_gt90": 0.6267361111111112,
    "frac_days_single_name_gt70": 0.0,
    "argmax_switches": 0,
    "mean_position_lifetime": 22.102564102564102,
    "total_return_ci": [
      0.2566962248047404,
      -0.13222060130826402,
      0.7408696164497974
    ],
    "sharpe_ci": [
      -0.03314815014977276,
      -1.0104844013379648,
      0.8793810102123679
    ]
  },
  "baselines": {
    "ubah": {
      "total_return": 0.3701921810698028,
      "annualized_return": 0.14773572428322823,
      "cagr": 0.14639490875204508,
      "volatility": 0.19980253284526134,
      "sharpe": 0.199019796951729,
      "sortino": 0.3178425623416006,
      "calmar": 0.700897749303986,
      "max_drawdown": 0.21078070864107434,
      "var": 0.020966955354402707,
      "cvar": 0.026318171200016487,
      "mean_daily_turnover": 0.0017020697167755988,
      "annualized_turnover": 0.4289215686274509,
      "transaction_cost_drag": 0.0002941193772365569,
      "win_rate": 0.5225694444444444,
      "information_ratio": 0.5568782051770416,
      "final_apv": 1.3701921810698028,
      "allocation_entropy": 0.7323772540327229,
      "effective_n_holdings": 37.234305188507996,
      "mean_cash_weight": 0.020228411840158753,
      "frac_days_cash_gt90": 0.0,
      "frac_days_single_name_gt70": 0.0,
      "argmax_switches": 0,
      "mean_position_lifetime": 207.4322033898305,
      "total_return_ci": [
        0.37019218106981167,
        -0.27624735151657853,
        1.5531063503116647
      ],
      "sharpe_ci": [
        0.199019796951729,
        -1.2317507995233645,
        1.5730131418502953
      ]
    },
    "ucrp": {
      "total_return": 0.13141251500326612,
      "annualized_return": 0.05550228547646019,
      "cagr": 0.05501872808091002,
      "volatility": 0.22902778350985267,
      "sharpe": -0.16459973043939907,
      "sortino": -0.2754268104372307,
      "calmar": 0.21380183988351617,
      "max_drawdown": 0.25959685616690215,
      "var": 0.022963444796954665,
      "cvar": 0.029202998809392026,
      "mean_daily_turnover": 0.010252115044635671,
      "annualized_turnover": 2.5835329912481892,
      "transaction_cost_drag": 0.0032059132455868333,
      "win_rate": 0.5,
      "information_ratio": -0.4079888874174425,
      "final_apv": 1.1314125150032661,
      "allocation_entropy": 0.7638329004097677,
      "effective_n_holdings": 51.0,
      "mean_cash_weight": 0.0196078431372549,
      "frac_days_cash_gt90": 0.0,
      "frac_days_single_name_gt70": 0.0,
      "argmax_switches": 0,
      "mean_position_lifetime": 400.0,
      "total_return_ci": [
        0.13141251500326367,
        -0.45919220727421706,
        1.2944880382923039
      ],
      "sharpe_ci": [
        -0.16459973043939907,
        -1.6322308451982184,
        1.1651782746698516
      ]
    },
    "best_stock": {
      "total_return": 6.395704043750506,
      "annualized_return": 1.3998192990103164,
      "cagr": 1.3820639123104135,
      "volatility": 0.44713532667207967,
      "sharpe": 1.8486926437117615,
      "sortino": 3.2392916026170107,
      "calmar": 4.563497590891198,
      "max_drawdown": 0.3067426400759747,
      "var": 0.03531708128065307,
      "cvar": 0.05390635719744054,
      "mean_daily_turnover": 0.001736111111111111,
      "annualized_turnover": 0.4375,
      "transaction_cost_drag": 0.0003000000000638048,
      "win_rate": 0.5434027777777778,
      "information_ratio": 2.1197889533109384,
      "final_apv": 7.395704043750506,
      "allocation_entropy": 9.179037747600897e-10,
      "effective_n_holdings": 1.0,
      "mean_cash_weight": 0.0,
      "frac_days_cash_gt90": 0.0,
      "frac_days_single_name_gt70": 1.0,
      "argmax_switches": 0,
      "mean_position_lifetime": 576.0,
      "total_return_ci": [
        6.395704043750433,
        0.9699835962913661,
        29.810689903341867
      ],
      "sharpe_ci": [
        1.8486926437117615,
        0.6309708959036655,
        3.009823716241012
      ]
    },
    "random_portfolio": {
      "total_return": 0.7947496346099905,
      "annualized_return": 0.2915960099124233,
      "cagr": 0.28879542088212884,
      "volatility": 0.22293251576670675,
      "sharpe": 0.7281510928424798,
      "sortino": 1.1542390337684907,
      "calmar": 1.6654204608469518,
      "max_drawdown": 0.17508852374981135,
      "var": 0.0229274817965929,
      "cvar": 0.029792912706941545,
      "mean_daily_turnover": 0.0017112154645203494,
      "annualized_turnover": 0.431226297059128,
      "transaction_cost_drag": 0.0002956993044217482,
      "win_rate": 0.5572916666666666,
      "information_ratio": 1.4656754136939458,
      "final_apv": 1.7947496346099905,
      "allocation_entropy": 0.6118841739598713,
      "effective_n_holdings": 15.152731673881469,
      "mean_cash_weight": 0.012604781842477396,
      "frac_days_cash_gt90": 0.0,
      "frac_days_single_name_gt70": 0.0,
      "argmax_switches": 0,
      "mean_position_lifetime": 115.08474576271186,
      "total_return_ci": [
        0.7947496346099903,
        -0.1010032745884857,
        2.7235671314364476
      ],
      "sharpe_ci": [
        0.7281510928424798,
        -0.6338258104860216,
        2.1508943911182654
      ]
    },
    "random_rebalancing": {
      "total_return": -0.07115651685507529,
      "annualized_return": -0.031778191587243265,
      "cagr": -0.03151290389569261,
      "volatility": 0.23253879096081492,
      "sharpe": -0.529414980819639,
      "sortino": -0.879625252657614,
      "calmar": -0.10264119203657131,
      "max_drawdown": 0.3096046621898216,
      "var": 0.023938272401285265,
      "cvar": 0.029578232418699554,
      "mean_daily_turnover": 0.4957520545999112,
      "annualized_turnover": 124.92951775917761,
      "transaction_cost_drag": 0.15436717568435188,
      "win_rate": 0.4965277777777778,
      "information_ratio": -1.125878173770945,
      "final_apv": 0.9288434831449247,
      "allocation_entropy": 0.684016230690223,
      "effective_n_holdings": 26.52003392600736,
      "mean_cash_weight": 0.019506253528252606,
      "frac_days_cash_gt90": 0.0,
      "frac_days_single_name_gt70": 0.0,
      "argmax_switches": 0,
      "mean_position_lifetime": 2.507794457274827,
      "total_return_ci": [
        -0.0711565168550754,
        -0.5759355187518994,
        0.9134179382935171
      ],
      "sharpe_ci": [
        -0.529414980819639,
        -2.0030792211932336,
        0.8295472075119336
      ]
    },
    "constant_cash": {
      "total_return": 0.3093870554449252,
      "annualized_return": 0.12516773223176614,
      "cagr": 0.12404262990781834,
      "volatility": 0.0008020814813967305,
      "sharpe": NaN,
      "sortino": NaN,
      "calmar": NaN,
      "max_drawdown": 0.0,
      "var": -0.00034749000000000585,
      "cvar": -0.0003389453333333551,
      "mean_daily_turnover": 0.0,
      "annualized_turnover": 0.0,
      "transaction_cost_drag": 0.0,
      "win_rate": 1.0,
      "information_ratio": -0.004430907548781737,
      "final_apv": 1.3093870554449252,
      "allocation_entropy": 9.179037747600897e-10,
      "effective_n_holdings": 1.0,
      "mean_cash_weight": 1.0,
      "frac_days_cash_gt90": 1.0,
      "frac_days_single_name_gt70": 0.0,