{
  "agent": {
    "total_return": 0.19389758346063046,
    "annualized_return": 0.08062023227819526,
    "cagr": 0.07990969173246865,
    "volatility": 0.21694087451768201,
    "sharpe": -0.07469780732392799,
    "sortino": -0.09559519819112794,
    "calmar": 0.35595926936543193,
    "max_drawdown": 0.2264872394583707,
    "var": 0.012841761494205598,
    "cvar": 0.032785795214709514,
    "mean_daily_turnover": 0.027828823431277596,
    "annualized_turnover": 7.012863504681954,
    "transaction_cost_drag": 0.0055029714435119725,
    "win_rate": 0.7413194444444444,
    "information_ratio": -0.06914237301767066,
    "final_apv": 1.1938975834606305,
    "total_return_ci": [
      0.19389758346063513,
      -0.24117846035528914,
      0.8509864534556021
    ],
    "sharpe_ci": [
      -0.07469780732392799,
      -1.175424833738746,
      0.8113010455736779
    ]
  },
  "baselines": {
    "ubah": {
      "total_return": 0.3701921810698028,
      "annualized_return": 0.14773572428322823,
      "cagr": 0.14639490875204508,
      "volatility": 0.19980253284526134,
      "sharpe": 0.199019796951729,
      "sortino": 0.3178425623416006,
      "calmar": 0.700897749303986,
      "max_drawdown": 0.21078070864107434,
      "var": 0.020966955354402707,
      "cvar": 0.026318171200016487,
      "mean_daily_turnover": 0.0017020697167755988,
      "annualized_turnover": 0.4289215686274509,
      "transaction_cost_drag": 0.0002941193772365569,
      "win_rate": 0.5225694444444444,
      "information_ratio": 0.5568782051770416,
      "final_apv": 1.3701921810698028,
      "total_return_ci": [
        0.37019218106981167,
        -0.2571744490387857,
        1.4961522892089778
      ],
      "sharpe_ci": [
        0.199019796951729,
        -1.170853905707757,
        1.528223318980571
      ]
    },
    "ucrp": {
      "total_return": 0.13141251500326612,
      "annualized_return": 0.05550228547646019,
      "cagr": 0.05501872808091002,
      "volatility": 0.22902778350985267,
      "sharpe": -0.16459973043939907,
      "sortino": -0.2754268104372307,
      "calmar": 0.21380183988351617,
      "max_drawdown": 0.25959685616690215,
      "var": 0.022963444796954665,
      "cvar": 0.029202998809392026,
      "mean_daily_turnover": 0.010252115044635671,
      "annualized_turnover": 2.5835329912481892,
      "transaction_cost_drag": 0.0032059132455868333,
      "win_rate": 0.5,
      "information_ratio": -0.4079888874174425,
      "final_apv": 1.1314125150032661,
      "total_return_ci": [
        0.13141251500326367,
        -0.45417725799603126,
        1.2079431344510638
      ],
      "sharpe_ci": [
        -0.16459973043939907,
        -1.5478999418040085,
        1.15210836462024
      ]
    },
    "best_stock": {
      "total_return": 6.395704043750506,
      "annualized_return": 1.3998192990103164,
      "cagr": 1.3820639123104135,
      "volatility": 0.44713532667207967,
      "sharpe": 1.8486926437117615,
      "sortino": 3.2392916026170107,
      "calmar": 4.563497590891198,
      "max_drawdown": 0.3067426400759747,
      "var": 0.03531708128065307,
      "cvar": 0.05390635719744054,
      "mean_daily_turnover": 0.001736111111111111,
      "annualized_turnover": 0.4375,
      "transaction_cost_drag": 0.0003000000000638048,
      "win_rate": 0.5434027777777778,
      "information_ratio": 2.1197889533109384,
      "final_apv": 7.395704043750506,
      "total_return_ci": [
        6.395704043750433,
        1.0060513084124338,
        26.13845214158668
      ],
      "sharpe_ci": [
        1.8486926437117615,
        0.6354709499891816,
        2.9473491030319816
      ]
    },
    "random_portfolio": {
      "total_return": 0.4103473380254701,
      "annualized_return": 0.16233191144782855,
      "cagr": 0.16084959004653032,
      "volatility": 0.16822606573978044,
      "sharpe": 0.27712095964388095,
      "sortino": 0.42738475672488824,
      "calmar": 1.1539269487718586,
      "max_drawdown": 0.14067780600895124,
      "var": 0.01758323100405353,
      "cvar": 0.02244157911710251,
      "mean_daily_turnover": 0.0016370824950268682,
      "annualized_turnover": 0.4125447887467708,
      "transaction_cost_drag": 0.0002828926961052636,
      "win_rate": 0.5364583333333334,
      "information_ratio": 0.6201502558282396,
      "final_apv": 1.41034733802547,
      "total_return_ci": [
        0.41034733802548007,
        -0.130634666668226,
        1.3079402704002543
      ],
      "sharpe_ci": [
        0.27712095964388095,
        -1.0112887394584764,
        1.5900468832148864
      ]
    },
    "random_rebalancing": {
      "total_return": 0.01985792589775026,
      "annualized_return": 0.008639816168918513,
      "cagr": 0.008566209825660254,
      "volatility": 0.23320292798060158,
      "sharpe": -0.35233810602395843,
      "sortino": -0.5661718934062173,
      "calmar": 0.030898762564745882,
      "max_drawdown": 0.27961689892320024,
      "var": 0.023466851948328284,
      "cvar": 0.03078807757395952,
      "mean_daily_turnover": 0.4994099783314174,
      "annualized_turnover": 125.85131453951719,
      "transaction_cost_drag": 0.15537927150785202,
      "win_rate": 0.4982638888888889,
      "information_ratio": -0.8046740344217143,
      "final_apv": 1.0198579258977503,
      "total_return_ci": [
        0.01985792589774804,
        -0.5161022558252583,
        1.029803681329548
      ],
      "sharpe_ci": [
        -0.35233810602395843,
        -1.7531663753114377,
        0.9377058214735154
      ]
    },
    "constant_cash": {
      "total_return": 0.3093870554449252,
      "annualized_return": 0.12516773223176614,
      "cagr": 0.12404262990781834,
      "volatility": 0.0008020814813967305,
      "sharpe": NaN,
      "sortino": NaN,
      "calmar": NaN,
      "max_drawdown": 0.0,
      "var": -0.00034749000000000585,
      "cvar": -0.0003389453333333551,
      "mean_daily_turnover": 0.0,
      "annualized_turnover": 0.0,
      "transaction_cost_drag": 0.0,
      "win_rate": 1.0,
      "information_ratio": -0.004430907548781737,
      "final_apv": 1.3093870554449252,
      "total_return_ci": [
        0.3093870554449252,
        0.2984361326182486,
        0.323903854143304
      ],
      "sharpe_ci": [
        NaN,
        -2.966400670429703,
        5.29029724420116
      ]
    },
    "bova11": {
      "total_return": 0.25613574450244014,
      "annualized_return": 0.10491406291715011,
      "cagr": 0.10397931617720113,
      "volatility": 0.19524290144870174,
      "sharpe": 0.004430907548781737,
      "sortino": 0.007211857856746658,
      "calmar": 0.49882072609646183,
      "max_drawdown": 0.21032418548074094,
      "var": 0.02075230611891274,
      "cvar": 0.025564307347981544,
      "mean_daily_turnover": 0.0,
      "annualized_turnover": 0.0,
      "transaction_cost_drag": 0.0,
      "win_rate": 0.5208333333333334,
      "information_ratio": NaN,
      "final_apv": 1.2561357445024401,
      "total_return_ci": [
        0.25613574450243637,
        -0.28809226116835696,
        1.1457386899219841
      ],
      "sharpe_ci": [
        0.004430907548781737,
        -1.276123806010875,
        1.2319114466591252
      ]
    }
  }
}