{
  "agent": {
    "total_return": 0.09078138042581108,
    "annualized_return": 0.06817962662863275,
    "cagr": 0.06925068573016868,
    "volatility": 0.01591824658456387,
    "sharpe": -0.5207205431890441,
    "sortino": -0.5058179596146671,
    "calmar": 4.467811204441924,
    "max_drawdown": 0.015260185247050763,
    "var": 0.0012027760861414824,
    "cvar": 0.002802056336232552,
    "mean_daily_turnover": 0.003523110062069808,
    "annualized_turnover": 0.8878237356415916,
    "transaction_cost_drag": 0.0004162528104598717,
    "win_rate": 0.8162650602409639,
    "information_ratio": -0.4256876913073719,
    "final_apv": 1.090781380425811,
    "allocation_entropy": 0.07147537606270286,
    "effective_n_holdings": 1.1136864781867477,
    "mean_cash_weight": 0.950294209891055,
    "frac_days_cash_gt90": 0.8795180722891566,
    "frac_days_single_name_gt70": 0.0,
    "argmax_switches": 0,
    "mean_position_lifetime": 4.4,
    "total_return_ci": [
      0.09078138042580908,
      0.05493787709869829,
      0.13453809334088473
    ],
    "sharpe_ci": [
      -0.5207205431890441,
      -2.1185565555346972,
      2.208588269831573
    ]
  },
  "baselines": {
    "ubah": {
      "total_return": 0.1857677957331716,
      "annualized_return": 0.13806851839879908,
      "cagr": 0.14030724356618585,
      "volatility": 0.1940153676582664,
      "sharpe": 0.38247277975761096,
      "sortino": 0.4917598855319761,
      "calmar": 0.7056595091449641,
      "max_drawdown": 0.19565883632191736,
      "var": 0.018049430615639905,
      "cvar": 0.027792772826399893,
      "mean_daily_turnover": 0.0029529884242853765,
      "annualized_turnover": 0.7441530829199149,
      "transaction_cost_drag": 0.00029411937720946746,
      "win_rate": 0.5481927710843374,
      "information_ratio": -0.01892122174956177,
      "final_apv": 1.1857677957331716,
      "allocation_entropy": 0.7587070318279536,
      "effective_n_holdings": 48.31049800164444,
      "mean_cash_weight": 0.01778656996671709,
      "frac_days_cash_gt90": 0.0,
      "frac_days_single_name_gt70": 0.0,
      "argmax_switches": 0,
      "mean_position_lifetime": 303.8333333333333,
      "total_return_ci": [
        0.18576779573317448,
        -0.23252849361870162,
        0.9286376883704736
      ],
      "sharpe_ci": [
        0.38247277975761096,
        -1.2926614928870217,
        2.532715001411415
      ]
    },
    "ucrp": {
      "total_return": 0.19529985494059132,
      "annualized_return": 0.1450059467968925,
      "cagr": 0.14736426579547168,
      "volatility": 0.19543177991899088,
      "sharpe": 0.41241722102502293,
      "sortino": 0.5267625743765039,
      "calmar": 0.7862327066909199,
      "max_drawdown": 0.1844313338314181,
      "var": 0.018208649265267912,
      "cvar": 0.028373465133023426,
      "mean_daily_turnover": 0.010104265209267481,
      "annualized_turnover": 2.5462748327354054,
      "transaction_cost_drag": 0.0017000954767556475,
      "win_rate": 0.5331325301204819,
      "information_ratio": 0.0709363193233935,
      "final_apv": 1.1952998549405913,
      "allocation_entropy": 0.7638329004097675,
      "effective_n_holdings": 51.0,
      "mean_cash_weight": 0.019607843137254898,
      "frac_days_cash_gt90": 0.0,
      "frac_days_single_name_gt70": 0.0,
      "argmax_switches": 0,
      "mean_position_lifetime": 272.1311475409836,
      "total_return_ci": [
        0.19529985494059487,
        -0.2191283882767566,
        0.9588532654119922
      ],
      "sharpe_ci": [
        0.41241722102502293,
        -1.1930813684176207,
        2.607345721000629
      ]
    },
    "best_stock": {
      "total_return": 1.7291668398277666,
      "annualized_return": 1.1427060471128199,
      "cagr": 1.167661866963435,
      "volatility": 0.33455734506343515,
      "sharpe": 2.2107711617024504,
      "sortino": 3.46088191671505,
      "calmar": 6.155315690341872,
      "max_drawdown": 0.18564540059347515,
      "var": 0.027617543394566884,
      "cvar": 0.040391028092850535,
      "mean_daily_turnover": 0.0030120481927710845,
      "annualized_turnover": 0.7590361445783133,
      "transaction_cost_drag": 0.00030000000003671534,
      "win_rate": 0.5391566265060241,
      "information_ratio": 1.6320337041834476,
      "final_apv": 2.7291668398277666,
      "allocation_entropy": 9.179037747600897e-10,
      "effective_n_holdings": 1.0,
      "mean_cash_weight": 0.0,
      "frac_days_cash_gt90": 0.0,
      "frac_days_single_name_gt70": 1.0,
      "argmax_switches": 0,
      "mean_position_lifetime": 332.0,
      "total_return_ci": [
        1.7291668398277587,
        0.12828976179622342,
        4.362045602847003
      ],
      "sharpe_ci": [
        2.2107711617024504,
        0.21581880972960257,
        3.632536011175423
      ]
    },
    "random_portfolio": {
      "total_return": 0.15080222271049326,
      "annualized_return": 0.11250438153062836,
      "cagr": 0.1143080811235393,
      "volatility": 0.22586625828617737,
      "sharpe": 0.25726821919489123,
      "sortino": 0.3289287390815893,
      "calmar": 0.4855714214757813,
      "max_drawdown": 0.23169481677627873,
      "var": 0.021986829384441627,
      "cvar": 0.032620190190598176,
      "mean_daily_turnover": 0.0030034288212281704,
      "annualized_turnover": 0.7568640629494989,
      "transaction_cost_drag": 0.0002991417674410579,
      "win_rate": 0.5331325301204819,
      "information_ratio": -0.19979021543942194,
      "final_apv": 1.1508022227104933,
      "allocation_entropy": 0.695395508834304,
      "effective_n_holdings": 28.049220538521283,
      "mean_cash_weight": 0.002587836252605198,
      "frac_days_cash_gt90": 0.0,
      "frac_days_single_name_gt70": 0.0,
      "argmax_switches": 0,
      "mean_position_lifetime": 117.92222222222222,
      "total_return_ci": [
        0.15080222271050014,
        -0.3174152885454745,
        0.9737240002925638
      ],
      "sharpe_ci": [
        0.25726821919489123,
        -1.4280451326417323,
        2.4281733788376556
      ]
    },
    "random_rebalancing": {
      "total_return": 0.0768982957710238,
      "annualized_return": 0.05784430516897898,
      "cagr": 0.05874857401377609,
      "volatility": 0.2044846321381223,
      "sharpe": 0.013071410258669603,
      "sortino": 0.016807839541609047,
      "calmar": 0.26897372348717646,
      "max_drawdown": 0.21505559881107403,
      "var": 0.0189150155576107,
      "cvar": 0.029879674236639984,
      "mean_daily_turnover": 0.4957860690664671,
      "annualized_turnover": 124.9380894047497,
      "transaction_cost_drag": 0.09197768774899817,
      "win_rate": 0.5090361445783133,
      "information_ratio": -0.856717642142654,
      "final_apv": 1.0768982957710238,
      "allocation_entropy": 0.6842097085029616,
      "effective_n_holdings": 26.613065858254615,
      "mean_cash_weight": 0.021040858902691695,
      "frac_days_cash_gt90": 0.0,
      "frac_days_single_name_gt70": 0.0,
      "argmax_switches": 0,
      "mean_position_lifetime": 2.5547649301143585,
      "total_return_ci": [
        0.07689829577102536,
        -0.324365856651585,
        0.844853572106594
      ],
      "sharpe_ci": [
        0.013071410258669603,
        -1.7465053032339615,
        2.2730947805035258
      ]
    },
    "constant_cash": {
      "total_return": 0.10287941093035524,
      "annualized_return": 0.07716023230049229,
      "cagr": 0.07837747374956083,
      "volatility": 0.0008905330530689566,
      "sharpe": NaN,
      "sortino": NaN,
      "calmar": NaN,
      "max_drawdown": 0.0,
      "var": -0.0002458299999998914,
      "cvar": -0.0002458299999998914,
      "mean_daily_turnover": 0.0,
      "annualized_turnover": 0.0,
      "transaction_cost_drag": 0.0,
      "win_rate": 1.0,
      "information_ratio": -0.36301343243570083,
      "final_apv": 1.1028794109303552,
      "allocation_entropy": 9.179037747600897e-10,
      "effective_n_holdings": 1.0,
      "mean_cash_weight": 1.0,
      "frac_days_cash_gt90": 1.0,