{
  "agent": {
    "total_return": -0.24599668326174073,
    "annualized_return": -0.11620650719213055,
    "cagr": -0.11527985407082197,
    "volatility": 0.2881302903549894,
    "sharpe": -0.6900747708937682,
    "sortino": -0.8051622764884692,
    "calmar": -0.367310549196298,
    "max_drawdown": 0.3163712761487487,
    "var": 0.02093098271962837,
    "cvar": 0.04898935423806771,
    "mean_daily_turnover": 0.07745531805574446,
    "annualized_turnover": 19.518740150047606,
    "transaction_cost_drag": 0.016364022354300678,
    "win_rate": 0.5729166666666666,
    "information_ratio": -0.6730104022018558,
    "final_apv": 0.7540033167382593,
    "allocation_entropy": 0.14639364891066933,
    "effective_n_holdings": 1.496269655193227,
    "mean_cash_weight": 0.7441112140149673,
    "frac_days_cash_gt90": 0.3072916666666667,
    "frac_days_single_name_gt70": 0.08506944444444445,
    "argmax_switches": 0,
    "mean_position_lifetime": 4.2650918635170605,
    "total_return_ci": [
      -0.24599668326174273,
      -0.6083935675545509,
      0.36979565641849876
    ],
    "sharpe_ci": [
      -0.6900747708937682,
      -1.7449058451212514,
      0.20558355603815665
    ]
  },
  "baselines": {
    "ubah": {
      "total_return": 0.3701921810698028,
      "annualized_return": 0.14773572428322823,
      "cagr": 0.14639490875204508,
      "volatility": 0.19980253284526134,
      "sharpe": 0.199019796951729,
      "sortino": 0.3178425623416006,
      "calmar": 0.700897749303986,
      "max_drawdown": 0.21078070864107434,
      "var": 0.020966955354402707,
      "cvar": 0.026318171200016487,
      "mean_daily_turnover": 0.0017020697167755988,
      "annualized_turnover": 0.4289215686274509,
      "transaction_cost_drag": 0.0002941193772365569,
      "win_rate": 0.5225694444444444,
      "information_ratio": 0.5568782051770416,
      "final_apv": 1.3701921810698028,
      "allocation_entropy": 0.7323772540327229,
      "effective_n_holdings": 37.234305188507996,
      "mean_cash_weight": 0.020228411840158753,
      "frac_days_cash_gt90": 0.0,
      "frac_days_single_name_gt70": 0.0,
      "argmax_switches": 0,
      "mean_position_lifetime": 207.4322033898305,
      "total_return_ci": [
        0.37019218106981167,
        -0.2811046032802096,
        1.5085126421668926
      ],
      "sharpe_ci": [
        0.199019796951729,
        -1.2265907054447966,
        1.555983262735935
      ]
    },
    "ucrp": {
      "total_return": 0.13141251500326612,
      "annualized_return": 0.05550228547646019,
      "cagr": 0.05501872808091002,
      "volatility": 0.22902778350985267,
      "sharpe": -0.16459973043939907,
      "sortino": -0.2754268104372307,
      "calmar": 0.21380183988351617,
      "max_drawdown": 0.25959685616690215,
      "var": 0.022963444796954665,
      "cvar": 0.029202998809392026,
      "mean_daily_turnover": 0.010252115044635671,
      "annualized_turnover": 2.5835329912481892,
      "transaction_cost_drag": 0.0032059132455868333,
      "win_rate": 0.5,
      "information_ratio": -0.4079888874174425,
      "final_apv": 1.1314125150032661,
      "allocation_entropy": 0.7638329004097677,
      "effective_n_holdings": 51.0,
      "mean_cash_weight": 0.0196078431372549,
      "frac_days_cash_gt90": 0.0,
      "frac_days_single_name_gt70": 0.0,
      "argmax_switches": 0,
      "mean_position_lifetime": 400.0,
      "total_return_ci": [
        0.13141251500326367,
        -0.47489650761463215,
        1.2352495057805162
      ],
      "sharpe_ci": [
        -0.16459973043939907,
        -1.6518840982545318,
        1.1554535448094028
      ]
    },
    "best_stock": {
      "total_return": 6.395704043750506,
      "annualized_return": 1.3998192990103164,
      "cagr": 1.3820639123104135,
      "volatility": 0.44713532667207967,
      "sharpe": 1.8486926437117615,
      "sortino": 3.2392916026170107,
      "calmar": 4.563497590891198,
      "max_drawdown": 0.3067426400759747,
      "var": 0.03531708128065307,
      "cvar": 0.05390635719744054,
      "mean_daily_turnover": 0.001736111111111111,
      "annualized_turnover": 0.4375,
      "transaction_cost_drag": 0.0003000000000638048,
      "win_rate": 0.5434027777777778,
      "information_ratio": 2.1197889533109384,
      "final_apv": 7.395704043750506,
      "allocation_entropy": 9.179037747600897e-10,
      "effective_n_holdings": 1.0,
      "mean_cash_weight": 0.0,
      "frac_days_cash_gt90": 0.0,
      "frac_days_single_name_gt70": 1.0,
      "argmax_switches": 0,
      "mean_position_lifetime": 576.0,
      "total_return_ci": [
        6.395704043750433,
        1.0421647060302073,
        26.644322031808798
      ],
      "sharpe_ci": [
        1.8486926437117615,
        0.6553445243963641,
        2.946895220425772
      ]
    },
    "random_portfolio": {
      "total_return": 0.33426806315703717,
      "annualized_return": 0.13447218492526902,
      "cagr": 0.13325860368213194,
      "volatility": 0.20316851785512482,
      "sharpe": 0.1419090578869209,
      "sortino": 0.22786927133491697,
      "calmar": 0.617895179542128,
      "max_drawdown": 0.2176294448921182,
      "var": 0.019423397997995497,
      "cvar": 0.02668088589083299,
      "mean_daily_turnover": 0.0017149642755679283,
      "annualized_turnover": 0.43217099744311793,
      "transaction_cost_drag": 0.00029634690978486145,
      "win_rate": 0.5225694444444444,
      "information_ratio": 0.3149715566590173,
      "final_apv": 1.3342680631570372,
      "allocation_entropy": 0.6642854997197428,
      "effective_n_holdings": 22.32128239305776,
      "mean_cash_weight": 0.012677821636202556,
      "frac_days_cash_gt90": 0.0,
      "frac_days_single_name_gt70": 0.0,
      "argmax_switches": 0,
      "mean_position_lifetime": 240.44117647058823,
      "total_return_ci": [
        0.3342680631570518,
        -0.3075205566270393,
        1.4011679484833324
      ],
      "sharpe_ci": [
        0.1419090578869209,
        -1.319747159840532,
        1.4296191756676833
      ]
    },
    "random_rebalancing": {
      "total_return": 0.018531048651089232,
      "annualized_return": 0.008065482559390214,
      "cagr": 0.007996788586265957,
      "volatility": 0.23362884094494876,
      "sharpe": -0.35360525826233513,
      "sortino": -0.5799858846507057,
      "calmar": 0.028716893351015432,
      "max_drawdown": 0.280861946339506,
      "var": 0.02422925784588786,
      "cvar": 0.030360322313460947,
      "mean_daily_turnover": 0.49387889648901406,
      "annualized_turnover": 124.45748191523154,
      "transaction_cost_drag": 0.15393367103176925,
      "win_rate": 0.5069444444444444,
      "information_ratio": -0.7892083578756351,
      "final_apv": 1.0185310486510892,
      "allocation_entropy": 0.6843439423232952,
      "effective_n_holdings": 26.59435978695497,
      "mean_cash_weight": 0.019977957051963063,
      "frac_days_cash_gt90": 0.0,
      "frac_days_single_name_gt70": 0.0,
      "argmax_switches": 0,
      "mean_position_lifetime": 2.513630463003029,
      "total_return_ci": [
        0.018531048651090565,
        -0.5303345023649937,
        0.9520591871214199
      ],
      "sharpe_ci": [
        -0.35360525826233513,
        -1.8591649704003141,
        0.8774070432589749
      ]
    },
    "constant_cash": {
      "total_return": 0.3093870554449252,
      "annualized_return": 0.12516773223176614,
      "cagr": 0.12404262990781834,
      "volatility": 0.0008020814813967305,
      "sharpe": NaN,
      "sortino": NaN,
      "calmar": NaN,
      "max_drawdown": 0.0,
      "var": -0.00034749000000000585,
      "cvar": -0.0003389453333333551,
      "mean_daily_turnover": 0.0,
      "annualized_turnover": 0.0,
      "transaction_cost_drag": 0.0,
      "win_rate": 1.0,
      "information_ratio": -0.004430907548781737,
      "final_apv": 1.3093870554449252,
      "allocation_entropy": 9.179037747600897e-10,
      "effective_n_holdings": 1.0,
      "mean_cash_weight": 1.0,
      "frac_days_cash_gt90": 1.0,