{
  "agent": {
    "total_return": -0.15652615445785456,
    "annualized_return": -0.12120882324404225,
    "cagr": -0.12293246303432326,
    "volatility": 0.2931284228922381,
    "sharpe": -0.5455922803365165,
    "sortino": -0.8031202125388209,
    "calmar": -0.3854808058647953,
    "max_drawdown": 0.31443543076579383,
    "var": 0.028440970760959784,
    "cvar": 0.04152549716521642,
    "mean_daily_turnover": 0.417345928246607,
    "annualized_turnover": 105.17117391814496,
    "transaction_cost_drag": 0.06760514034481724,
    "win_rate": 0.463855421686747,
    "information_ratio": -0.8508224797150861,
    "final_apv": 0.8434738455421454,
    "allocation_entropy": 0.20116614544390668,
    "effective_n_holdings": 2.4588099473057223,
    "mean_cash_weight": 0.19811964787391062,
    "frac_days_cash_gt90": 0.015060240963855422,
    "frac_days_single_name_gt70": 0.3825301204819277,
    "argmax_switches": 7,
    "mean_position_lifetime": 2.4766505636070852,
    "total_return_ci": [
      -0.1565261544578549,
      -0.48142301474874155,
      0.631486737322816
    ],
    "sharpe_ci": [
      -0.5455922803365165,
      -1.8349561080608932,
      1.1490490211366016
    ]
  },
  "baselines": {
    "ubah": {
      "total_return": 0.1857677957331716,
      "annualized_return": 0.13806851839879908,
      "cagr": 0.14030724356618585,
      "volatility": 0.1940153676582664,
      "sharpe": 0.38247277975761096,
      "sortino": 0.4917598855319761,
      "calmar": 0.7056595091449641,
      "max_drawdown": 0.19565883632191736,
      "var": 0.018049430615639905,
      "cvar": 0.027792772826399893,
      "mean_daily_turnover": 0.0029529884242853765,
      "annualized_turnover": 0.7441530829199149,
      "transaction_cost_drag": 0.00029411937720946746,
      "win_rate": 0.5481927710843374,
      "information_ratio": -0.01892122174956177,
      "final_apv": 1.1857677957331716,
      "allocation_entropy": 0.7587070318279536,
      "effective_n_holdings": 48.31049800164444,
      "mean_cash_weight": 0.01778656996671709,
      "frac_days_cash_gt90": 0.0,
      "frac_days_single_name_gt70": 0.0,
      "argmax_switches": 0,
      "mean_position_lifetime": 303.8333333333333,
      "total_return_ci": [
        0.18576779573317448,
        -0.22645454421241393,
        0.8432943722324152
      ],
      "sharpe_ci": [
        0.38247277975761096,
        -1.2578171894264532,
        2.4255424442457407
      ]
    },
    "ucrp": {
      "total_return": 0.19529985494059132,
      "annualized_return": 0.1450059467968925,
      "cagr": 0.14736426579547168,
      "volatility": 0.19543177991899088,
      "sharpe": 0.41241722102502293,
      "sortino": 0.5267625743765039,
      "calmar": 0.7862327066909199,
      "max_drawdown": 0.1844313338314181,
      "var": 0.018208649265267912,
      "cvar": 0.028373465133023426,
      "mean_daily_turnover": 0.010104265209267481,
      "annualized_turnover": 2.5462748327354054,
      "transaction_cost_drag": 0.0017000954767556475,
      "win_rate": 0.5331325301204819,
      "information_ratio": 0.0709363193233935,
      "final_apv": 1.1952998549405913,
      "allocation_entropy": 0.7638329004097675,
      "effective_n_holdings": 51.0,
      "mean_cash_weight": 0.019607843137254898,
      "frac_days_cash_gt90": 0.0,
      "frac_days_single_name_gt70": 0.0,
      "argmax_switches": 0,
      "mean_position_lifetime": 272.1311475409836,
      "total_return_ci": [
        0.19529985494059487,
        -0.21041427243345046,
        0.8445323454263671
      ],
      "sharpe_ci": [
        0.41241722102502293,
        -1.1694543804965614,
        2.4616919599205995
      ]
    },
    "best_stock": {
      "total_return": 1.7291668398277666,
      "annualized_return": 1.1427060471128199,
      "cagr": 1.167661866963435,
      "volatility": 0.33455734506343515,
      "sharpe": 2.2107711617024504,
      "sortino": 3.46088191671505,
      "calmar": 6.155315690341872,
      "max_drawdown": 0.18564540059347515,
      "var": 0.027617543394566884,
      "cvar": 0.040391028092850535,
      "mean_daily_turnover": 0.0030120481927710845,
      "annualized_turnover": 0.7590361445783133,
      "transaction_cost_drag": 0.00030000000003671534,
      "win_rate": 0.5391566265060241,
      "information_ratio": 1.6320337041834476,
      "final_apv": 2.7291668398277666,
      "allocation_entropy": 9.179037747600897e-10,
      "effective_n_holdings": 1.0,
      "mean_cash_weight": 0.0,
      "frac_days_cash_gt90": 0.0,
      "frac_days_single_name_gt70": 1.0,
      "argmax_switches": 0,
      "mean_position_lifetime": 332.0,
      "total_return_ci": [
        1.7291668398277587,
        0.1392931566185906,
        4.48766210603715
      ],
      "sharpe_ci": [
        2.2107711617024504,
        0.2453267200345131,
        3.5972132215008057
      ]
    },
    "random_portfolio": {
      "total_return": 0.2293999130291049,
      "annualized_return": 0.1697158211894847,
      "cagr": 0.17250536385947934,
      "volatility": 0.22602878831675635,
      "sharpe": 0.4805792401213898,
      "sortino": 0.6218019069959162,
      "calmar": 0.7133341255126541,
      "max_drawdown": 0.2379191112825487,
      "var": 0.021802874287267928,
      "cvar": 0.032519062381709006,
      "mean_daily_turnover": 0.0030056794538123287,
      "annualized_turnover": 0.7574312223607068,
      "transaction_cost_drag": 0.00029936586353207506,
      "win_rate": 0.5542168674698795,
      "information_ratio": 0.3408894727505191,
      "final_apv": 1.229399913029105,
      "allocation_entropy": 0.6707583758450739,
      "effective_n_holdings": 21.91459507486781,
      "mean_cash_weight": 0.0018370240900112591,
      "frac_days_cash_gt90": 0.0,
      "frac_days_single_name_gt70": 0.0,
      "argmax_switches": 0,
      "mean_position_lifetime": 147.41176470588235,
      "total_return_ci": [
        0.2293999130291069,
        -0.2651910374670944,
        1.1009089060798114
      ],
      "sharpe_ci": [
        0.4805792401213898,
        -1.2105995474600213,
        2.5561087077976317
      ]
    },
    "random_rebalancing": {
      "total_return": 0.15990010289975376,
      "annualized_return": 0.1191738495937249,
      "cagr": 0.12109017683716328,
      "volatility": 0.1978792449682476,
      "sharpe": 0.29343820158873013,
      "sortino": 0.3818332505236632,
      "calmar": 0.653185646212318,
      "max_drawdown": 0.18245019663978873,
      "var": 0.01923095888847747,
      "cvar": 0.028003109237366767,
      "mean_daily_turnover": 0.49880969541857384,
      "annualized_turnover": 125.70004324548061,
      "transaction_cost_drag": 0.0925103177713048,
      "win_rate": 0.5301204819277109,
      "information_ratio": -0.21057792904579306,
      "final_apv": 1.1599001028997538,
      "allocation_entropy": 0.6842863899989362,
      "effective_n_holdings": 26.657697163814586,
      "mean_cash_weight": 0.01996756473298878,
      "frac_days_cash_gt90": 0.0,
      "frac_days_single_name_gt70": 0.0,
      "argmax_switches": 0,
      "mean_position_lifetime": 2.4896296296296296,
      "total_return_ci": [
        0.15990010289975198,
        -0.22063194109847378,
        0.7955514099938181
      ],
      "sharpe_ci": [
        0.29343820158873013,
        -1.1769527604918366,
        2.253136598200639
      ]
    },
    "constant_cash": {
      "total_return": 0.10287941093035524,
      "annualized_return": 0.07716023230049229,
      "cagr": 0.07837747374956083,
      "volatility": 0.0008905330530689566,
      "sharpe": NaN,
      "sortino": NaN,
      "calmar": NaN,
      "max_drawdown": 0.0,
      "var": -0.0002458299999998914,
      "cvar": -0.0002458299999998914,
      "mean_daily_turnover": 0.0,
      "annualized_turnover": 0.0,
      "transaction_cost_drag": 0.0,
      "win_rate": 1.0,
      "information_ratio": -0.36301343243570083,
      "final_apv": 1.1028794109303552,
      "allocation_entropy": 9.179037747600897e-10,
      "effective_n_holdings": 1.0,
      "mean_cash_weight": 1.0,