{
  "ranker": {
    "mean_ic": 0.07391494111059649,
    "std_ic": 0.24089691126231094,
    "n_days": 6236,
    "t_stat": 24.230035860808346,
    "max_ic": 0.8504153432937825,
    "min_ic": -0.8715963140583688
  }
}