{
  "agent": {
    "total_return": 0.05782252704599222,
    "annualized_return": 0.04359071444738949,
    "cagr": 0.044267521202058235,
    "volatility": 0.02598193459177505,
    "sharpe": -1.2090539144559425,
    "sortino": -1.4400449402665223,
    "calmar": 1.108660613097767,
    "max_drawdown": 0.039318357604127725,
    "var": 0.0027272796305389635,
    "cvar": 0.004127916489009949,
    "mean_daily_turnover": 0.008566304033415269,
    "annualized_turnover": 2.1587086164206477,
    "transaction_cost_drag": 0.001016785569496692,
    "win_rate": 0.6686746987951807,
    "information_ratio": -0.5420215805109316,
    "final_apv": 1.0578225270459922,
    "allocation_entropy": 0.09911068399379294,
    "effective_n_holdings": 1.2546478411775701,
    "mean_cash_weight": 0.8934607918722084,
    "frac_days_cash_gt90": 0.6234939759036144,
    "frac_days_single_name_gt70": 0.0,
    "argmax_switches": 0,
    "mean_position_lifetime": 11.80952380952381,
    "total_return_ci": [
      0.05782252704598978,
      -0.0188826270968211,
      0.1391501332492271
    ],
    "sharpe_ci": [
      -1.2090539144559425,
      -3.0858764351277683,
      1.1425741854167752
    ]
  },
  "baselines": {
    "ubah": {
      "total_return": 0.1857677957331716,
      "annualized_return": 0.13806851839879908,
      "cagr": 0.14030724356618585,
      "volatility": 0.1940153676582664,
      "sharpe": 0.38247277975761096,
      "sortino": 0.4917598855319761,
      "calmar": 0.7056595091449641,
      "max_drawdown": 0.19565883632191736,
      "var": 0.018049430615639905,
      "cvar": 0.027792772826399893,
      "mean_daily_turnover": 0.0029529884242853765,
      "annualized_turnover": 0.7441530829199149,
      "transaction_cost_drag": 0.00029411937720946746,
      "win_rate": 0.5481927710843374,
      "information_ratio": -0.01892122174956177,
      "final_apv": 1.1857677957331716,
      "allocation_entropy": 0.7587070318279536,
      "effective_n_holdings": 48.31049800164444,
      "mean_cash_weight": 0.01778656996671709,
      "frac_days_cash_gt90": 0.0,
      "frac_days_single_name_gt70": 0.0,
      "argmax_switches": 0,
      "mean_position_lifetime": 303.8333333333333,
      "total_return_ci": [
        0.18576779573317448,
        -0.23903365083550426,
        0.8773119990110444
      ],
      "sharpe_ci": [
        0.38247277975761096,
        -1.2859271785653303,
        2.5623044778579054
      ]
    },
    "ucrp": {
      "total_return": 0.19529985494059132,
      "annualized_return": 0.1450059467968925,
      "cagr": 0.14736426579547168,
      "volatility": 0.19543177991899088,
      "sharpe": 0.41241722102502293,
      "sortino": 0.5267625743765039,
      "calmar": 0.7862327066909199,
      "max_drawdown": 0.1844313338314181,
      "var": 0.018208649265267912,
      "cvar": 0.028373465133023426,
      "mean_daily_turnover": 0.010104265209267481,
      "annualized_turnover": 2.5462748327354054,
      "transaction_cost_drag": 0.0017000954767556475,
      "win_rate": 0.5331325301204819,
      "information_ratio": 0.0709363193233935,
      "final_apv": 1.1952998549405913,
      "allocation_entropy": 0.7638329004097675,
      "effective_n_holdings": 51.0,
      "mean_cash_weight": 0.019607843137254898,
      "frac_days_cash_gt90": 0.0,
      "frac_days_single_name_gt70": 0.0,
      "argmax_switches": 0,
      "mean_position_lifetime": 272.1311475409836,
      "total_return_ci": [
        0.19529985494059487,
        -0.21793372004503594,
        0.9163306223407539
      ],
      "sharpe_ci": [
        0.41241722102502293,
        -1.1780796804470004,
        2.604731492217461
      ]
    },
    "best_stock": {
      "total_return": 1.7291668398277666,
      "annualized_return": 1.1427060471128199,
      "cagr": 1.167661866963435,
      "volatility": 0.33455734506343515,
      "sharpe": 2.2107711617024504,
      "sortino": 3.46088191671505,
      "calmar": 6.155315690341872,
      "max_drawdown": 0.18564540059347515,
      "var": 0.027617543394566884,
      "cvar": 0.040391028092850535,
      "mean_daily_turnover": 0.0030120481927710845,
      "annualized_turnover": 0.7590361445783133,
      "transaction_cost_drag": 0.00030000000003671534,
      "win_rate": 0.5391566265060241,
      "information_ratio": 1.6320337041834476,
      "final_apv": 2.7291668398277666,
      "allocation_entropy": 9.179037747600897e-10,
      "effective_n_holdings": 1.0,
      "mean_cash_weight": 0.0,
      "frac_days_cash_gt90": 0.0,
      "frac_days_single_name_gt70": 1.0,
      "argmax_switches": 0,
      "mean_position_lifetime": 332.0,
      "total_return_ci": [
        1.7291668398277587,
        0.11294478946544399,
        4.446937196272044
      ],
      "sharpe_ci": [
        2.2107711617024504,
        0.1776948340519127,
        3.728753596615851
      ]
    },
    "random_portfolio": {
      "total_return": 0.09695750064595998,
      "annualized_return": 0.07276726414973256,
      "cagr": 0.0739128537356164,
      "volatility": 0.1997506958565421,
      "sharpe": 0.07922982069254797,
      "sortino": 0.09800250372361037,
      "calmar": 0.3214510101469382,
      "max_drawdown": 0.2263712411930825,
      "var": 0.018489689963258005,
      "cvar": 0.028867569440826482,
      "mean_daily_turnover": 0.0028332184566547884,
      "annualized_turnover": 0.7139710510770066,
      "transaction_cost_drag": 0.000282193584594137,
      "win_rate": 0.5512048192771084,
      "information_ratio": -0.7573485675784951,
      "final_apv": 1.09695750064596,
      "allocation_entropy": 0.6766615884700625,
      "effective_n_holdings": 25.387083933653585,
      "mean_cash_weight": 0.05506304275864036,
      "frac_days_cash_gt90": 0.0,
      "frac_days_single_name_gt70": 0.0,
      "argmax_switches": 0,
      "mean_position_lifetime": 132.66666666666666,
      "total_return_ci": [
        0.09695750064596242,
        -0.30926488736626406,
        0.8155078968426925
      ],
      "sharpe_ci": [
        0.07922982069254797,
        -1.599009225341612,
        2.347278344146252
      ]
    },
    "random_rebalancing": {
      "total_return": 0.1457275408525136,
      "annualized_return": 0.1087787198784933,
      "cagr": 0.11051977273695446,
      "volatility": 0.19650404041484928,
      "sharpe": 0.2461588490781086,
      "sortino": 0.3290146653283651,
      "calmar": 0.5664576802397054,
      "max_drawdown": 0.19203326863263975,
      "var": 0.0189811601210289,
      "cvar": 0.028159907285693814,
      "mean_daily_turnover": 0.5005157085667823,
      "annualized_turnover": 126.12995855882913,
      "transaction_cost_drag": 0.09281099353911004,
      "win_rate": 0.5090361445783133,
      "information_ratio": -0.32420234349051213,
      "final_apv": 1.1457275408525136,
      "allocation_entropy": 0.6824372829042914,
      "effective_n_holdings": 26.094093672758863,
      "mean_cash_weight": 0.019721127538836404,
      "frac_days_cash_gt90": 0.0,
      "frac_days_single_name_gt70": 0.0,
      "argmax_switches": 0,
      "mean_position_lifetime": 2.5112612612612613,
      "total_return_ci": [
        0.14572754085251427,
        -0.2553626859966169,
        0.820464451887639
      ],
      "sharpe_ci": [
        0.2461588490781086,
        -1.3748222784368698,
        2.3447185446955565
      ]
    },
    "constant_cash": {
      "total_return": 0.10287941093035524,
      "annualized_return": 0.07716023230049229,
      "cagr": 0.07837747374956083,
      "volatility": 0.0008905330530689566,
      "sharpe": NaN,
      "sortino": NaN,
      "calmar": NaN,
      "max_drawdown": 0.0,
      "var": -0.0002458299999998914,
      "cvar": -0.0002458299999998914,
      "mean_daily_turnover": 0.0,
      "annualized_turnover": 0.0,
      "transaction_cost_drag": 0.0,
      "win_rate": 1.0,
      "information_ratio": -0.36301343243570083,
      "final_apv": 1.1028794109303552,
      "allocation_entropy": 9.179037747600897e-10,
      "effective_n_holdings": 1.0,
      "mean_cash_weight": 1.0,
      "frac_days_cash_gt90": 1.0,