{
  "agent": {
    "total_return": 0.2739007834801752,
    "annualized_return": 0.11172360504542267,
    "cagr": 0.11072520365459204,
    "volatility": 0.03243511932788099,
    "sharpe": -0.3543692776561837,
    "sortino": -0.45991610491511997,
    "calmar": 4.42568351012907,
    "max_drawdown": 0.025244372940297393,
    "var": 0.003038265443985663,
    "cvar": 0.004680981673617244,
    "mean_daily_turnover": 0.008806801533817554,
    "annualized_turnover": 2.2193139865220237,
    "transaction_cost_drag": 0.0018872834862462273,
    "win_rate": 0.6770833333333334,
    "information_ratio": -0.07152142260103839,
    "final_apv": 1.2739007834801752,
    "total_return_ci": [
      0.27390078348017766,
      0.1208442519153891,
      0.4024410372944706
    ],
    "sharpe_ci": [
      -0.3543692776561837,
      -2.026430075752727,
      1.0372900966351066
    ]
  },
  "baselines": {
    "ubah": {
      "total_return": 0.3701921810698028,
      "annualized_return": 0.14773572428322823,
      "cagr": 0.14639490875204508,
      "volatility": 0.19980253284526134,
      "sharpe": 0.199019796951729,
      "sortino": 0.3178425623416006,
      "calmar": 0.700897749303986,
      "max_drawdown": 0.21078070864107434,
      "var": 0.020966955354402707,
      "cvar": 0.026318171200016487,
      "mean_daily_turnover": 0.0017020697167755988,
      "annualized_turnover": 0.4289215686274509,
      "transaction_cost_drag": 0.0002941193772365569,
      "win_rate": 0.5225694444444444,
      "information_ratio": 0.5568782051770416,
      "final_apv": 1.3701921810698028,
      "total_return_ci": [
        0.37019218106981167,
        -0.27624735151657853,
        1.5531063503116647
      ],
      "sharpe_ci": [
        0.199019796951729,
        -1.2317507995233645,
        1.5730131418502953
      ]
    },
    "ucrp": {
      "total_return": 0.13141251500326612,
      "annualized_return": 0.05550228547646019,
      "cagr": 0.05501872808091002,
      "volatility": 0.22902778350985267,
      "sharpe": -0.16459973043939907,
      "sortino": -0.2754268104372307,
      "calmar": 0.21380183988351617,
      "max_drawdown": 0.25959685616690215,
      "var": 0.022963444796954665,
      "cvar": 0.029202998809392026,
      "mean_daily_turnover": 0.010252115044635671,
      "annualized_turnover": 2.5835329912481892,
      "transaction_cost_drag": 0.0032059132455868333,
      "win_rate": 0.5,
      "information_ratio": -0.4079888874174425,
      "final_apv": 1.1314125150032661,
      "total_return_ci": [
        0.13141251500326367,
        -0.45919220727421706,
        1.2944880382923039
      ],
      "sharpe_ci": [
        -0.16459973043939907,
        -1.6322308451982184,
        1.1651782746698516
      ]
    },
    "best_stock": {
      "total_return": 6.395704043750506,
      "annualized_return": 1.3998192990103164,
      "cagr": 1.3820639123104135,
      "volatility": 0.44713532667207967,
      "sharpe": 1.8486926437117615,
      "sortino": 3.2392916026170107,
      "calmar": 4.563497590891198,
      "max_drawdown": 0.3067426400759747,
      "var": 0.03531708128065307,
      "cvar": 0.05390635719744054,
      "mean_daily_turnover": 0.001736111111111111,
      "annualized_turnover": 0.4375,
      "transaction_cost_drag": 0.0003000000000638048,
      "win_rate": 0.5434027777777778,
      "information_ratio": 2.1197889533109384,
      "final_apv": 7.395704043750506,
      "total_return_ci": [
        6.395704043750433,
        0.9699835962913661,
        29.810689903341867
      ],
      "sharpe_ci": [
        1.8486926437117615,
        0.6309708959036655,
        3.009823716241012
      ]
    },
    "random_portfolio": {
      "total_return": 0.7947496346099905,
      "annualized_return": 0.2915960099124233,
      "cagr": 0.28879542088212884,
      "volatility": 0.22293251576670675,
      "sharpe": 0.7281510928424798,
      "sortino": 1.1542390337684907,
      "calmar": 1.6654204608469518,
      "max_drawdown": 0.17508852374981135,
      "var": 0.0229274817965929,
      "cvar": 0.029792912706941545,
      "mean_daily_turnover": 0.0017112154645203494,
      "annualized_turnover": 0.431226297059128,
      "transaction_cost_drag": 0.0002956993044217482,
      "win_rate": 0.5572916666666666,
      "information_ratio": 1.4656754136939458,
      "final_apv": 1.7947496346099905,
      "total_return_ci": [
        0.7947496346099903,
        -0.1010032745884857,
        2.7235671314364476
      ],
      "sharpe_ci": [
        0.7281510928424798,
        -0.6338258104860216,
        2.1508943911182654
      ]
    },
    "random_rebalancing": {
      "total_return": -0.07115651685507529,
      "annualized_return": -0.031778191587243265,
      "cagr": -0.03151290389569261,
      "volatility": 0.23253879096081492,
      "sharpe": -0.529414980819639,
      "sortino": -0.879625252657614,
      "calmar": -0.10264119203657131,
      "max_drawdown": 0.3096046621898216,
      "var": 0.023938272401285265,
      "cvar": 0.029578232418699554,
      "mean_daily_turnover": 0.4957520545999112,
      "annualized_turnover": 124.92951775917761,
      "transaction_cost_drag": 0.15436717568435188,
      "win_rate": 0.4965277777777778,
      "information_ratio": -1.125878173770945,
      "final_apv": 0.9288434831449247,
      "total_return_ci": [
        -0.0711565168550754,
        -0.5759355187518994,
        0.9134179382935171
      ],
      "sharpe_ci": [
        -0.529414980819639,
        -2.0030792211932336,
        0.8295472075119336
      ]
    },
    "constant_cash": {
      "total_return": 0.3093870554449252,
      "annualized_return": 0.12516773223176614,
      "cagr": 0.12404262990781834,
      "volatility": 0.0008020814813967305,
      "sharpe": NaN,
      "sortino": NaN,
      "calmar": NaN,
      "max_drawdown": 0.0,
      "var": -0.00034749000000000585,
      "cvar": -0.0003389453333333551,
      "mean_daily_turnover": 0.0,
      "annualized_turnover": 0.0,
      "transaction_cost_drag": 0.0,
      "win_rate": 1.0,
      "information_ratio": -0.004430907548781737,
      "final_apv": 1.3093870554449252,
      "total_return_ci": [
        0.3093870554449252,
        0.2980975984733466,
        0.324074696983116
      ],
      "sharpe_ci": [
        NaN,
        -3.1944218601444683,
        5.306947730878181
      ]
    },
    "bova11": {
      "total_return": 0.25613574450244014,
      "annualized_return": 0.10491406291715011,
      "cagr": 0.10397931617720113,
      "volatility": 0.19524290144870174,
      "sharpe": 0.004430907548781737,
      "sortino": 0.007211857856746658,
      "calmar": 0.49882072609646183,
      "max_drawdown": 0.21032418548074094,
      "var": 0.02075230611891274,
      "cvar": 0.025564307347981544,
      "mean_daily_turnover": 0.0,
      "annualized_turnover": 0.0,
      "transaction_cost_drag": 0.0,
      "win_rate": 0.5208333333333334,
      "information_ratio": NaN,
      "final_apv": 1.2561357445024401,
      "total_return_ci": [
        0.25613574450243637,
        -0.30080666834389785,
        1.2418828030117113
      ],
      "sharpe_ci": [
        0.004430907548781737,
        -1.302933958546905,
        1.3142386008333393
      ]
    }
  }
}