{
  "agent": {
    "total_return": 0.12636475380080237,
    "annualized_return": 0.05343946738065619,
    "cagr": 0.05297432935427615,
    "volatility": 0.2335958573644761,
    "sharpe": -0.16521066558674577,
    "sortino": -0.2791075943367732,
    "calmar": 0.2074123475052452,
    "max_drawdown": 0.2576484381157914,
    "var": 0.02338651852210638,
    "cvar": 0.029644306463491577,
    "mean_daily_turnover": 0.026166105961582406,
    "annualized_turnover": 6.593858702318767,
    "transaction_cost_drag": 0.008653514396202211,
    "win_rate": 0.5,
    "information_ratio": -0.3917548258201017,
    "final_apv": 1.1263647538008024,
    "allocation_entropy": 0.7597785793530348,
    "effective_n_holdings": 48.54530064597365,
    "mean_cash_weight": 0.012830676653215455,
    "frac_days_cash_gt90": 0.0,
    "frac_days_single_name_gt70": 0.0,
    "argmax_switches": 0,
    "mean_position_lifetime": 389.0810810810811,
    "total_return_ci": [
      0.12636475380080348,
      -0.4697013054257719,
      1.2779868680517892
    ],
    "sharpe_ci": [
      -0.16521066558674577,
      -1.5720443722408977,
      1.134428234061265
    ]
  },
  "baselines": {
    "ubah": {
      "total_return": 0.3701921810698028,
      "annualized_return": 0.14773572428322823,
      "cagr": 0.14639490875204508,
      "volatility": 0.19980253284526134,
      "sharpe": 0.199019796951729,
      "sortino": 0.3178425623416006,
      "calmar": 0.700897749303986,
      "max_drawdown": 0.21078070864107434,
      "var": 0.020966955354402707,
      "cvar": 0.026318171200016487,
      "mean_daily_turnover": 0.0017020697167755988,
      "annualized_turnover": 0.4289215686274509,
      "transaction_cost_drag": 0.0002941193772365569,
      "win_rate": 0.5225694444444444,
      "information_ratio": 0.5568782051770416,
      "final_apv": 1.3701921810698028,
      "allocation_entropy": 0.7323772540327229,
      "effective_n_holdings": 37.234305188507996,
      "mean_cash_weight": 0.020228411840158753,
      "frac_days_cash_gt90": 0.0,
      "frac_days_single_name_gt70": 0.0,
      "argmax_switches": 0,
      "mean_position_lifetime": 207.4322033898305,
      "total_return_ci": [
        0.37019218106981167,
        -0.27309546573550464,
        1.6488425509626325
      ],
      "sharpe_ci": [
        0.199019796951729,
        -1.2017287657450033,
        1.6709936311126627
      ]
    },
    "ucrp": {
      "total_return": 0.13141251500326612,
      "annualized_return": 0.05550228547646019,
      "cagr": 0.05501872808091002,
      "volatility": 0.22902778350985267,
      "sharpe": -0.16459973043939907,
      "sortino": -0.2754268104372307,
      "calmar": 0.21380183988351617,
      "max_drawdown": 0.25959685616690215,
      "var": 0.022963444796954665,
      "cvar": 0.029202998809392026,
      "mean_daily_turnover": 0.010252115044635671,
      "annualized_turnover": 2.5835329912481892,
      "transaction_cost_drag": 0.0032059132455868333,
      "win_rate": 0.5,
      "information_ratio": -0.4079888874174425,
      "final_apv": 1.1314125150032661,
      "allocation_entropy": 0.7638329004097677,
      "effective_n_holdings": 51.0,
      "mean_cash_weight": 0.0196078431372549,
      "frac_days_cash_gt90": 0.0,
      "frac_days_single_name_gt70": 0.0,
      "argmax_switches": 0,
      "mean_position_lifetime": 400.0,
      "total_return_ci": [
        0.13141251500326367,
        -0.4639706852847968,
        1.2532702880192865
      ],
      "sharpe_ci": [
        -0.16459973043939907,
        -1.610472964951171,
        1.1333646806166817
      ]
    },
    "best_stock": {
      "total_return": 6.395704043750506,
      "annualized_return": 1.3998192990103164,
      "cagr": 1.3820639123104135,
      "volatility": 0.44713532667207967,
      "sharpe": 1.8486926437117615,
      "sortino": 3.2392916026170107,
      "calmar": 4.563497590891198,
      "max_drawdown": 0.3067426400759747,
      "var": 0.03531708128065307,
      "cvar": 0.05390635719744054,
      "mean_daily_turnover": 0.001736111111111111,
      "annualized_turnover": 0.4375,
      "transaction_cost_drag": 0.0003000000000638048,
      "win_rate": 0.5434027777777778,
      "information_ratio": 2.1197889533109384,
      "final_apv": 7.395704043750506,
      "allocation_entropy": 9.179037747600897e-10,
      "effective_n_holdings": 1.0,
      "mean_cash_weight": 0.0,
      "frac_days_cash_gt90": 0.0,
      "frac_days_single_name_gt70": 1.0,
      "argmax_switches": 0,
      "mean_position_lifetime": 576.0,
      "total_return_ci": [
        6.395704043750433,
        0.7118764103911784,
        25.51940012574463
      ],
      "sharpe_ci": [
        1.8486926437117615,
        0.48483215420844694,
        2.9893898751909656
      ]
    },
    "random_portfolio": {
      "total_return": 0.3374871067651022,
      "annualized_return": 0.13566881871493863,
      "cagr": 0.1344438116650124,
      "volatility": 0.20987200009660575,
      "sharpe": 0.14897260501520182,
      "sortino": 0.23532392150814918,
      "calmar": 0.6621532148463974,
      "max_drawdown": 0.20489037230818297,
      "var": 0.02194119657561533,
      "cvar": 0.027618067966095828,
      "mean_daily_turnover": 0.0016330356382107465,
      "annualized_turnover": 0.4115249808291081,
      "transaction_cost_drag": 0.00028219358460734867,
      "win_rate": 0.5225694444444444,
      "information_ratio": 0.32202697242270756,
      "final_apv": 1.3374871067651022,
      "allocation_entropy": 0.6503367826452694,
      "effective_n_holdings": 20.16424498387975,
      "mean_cash_weight": 0.06160545881724766,
      "frac_days_cash_gt90": 0.0,
      "frac_days_single_name_gt70": 0.0,
      "argmax_switches": 0,
      "mean_position_lifetime": 185.90697674418604,
      "total_return_ci": [
        0.3374871067651113,
        -0.29957601496623293,
        1.5847459428960886
      ],
      "sharpe_ci": [
        0.14897260501520182,
        -1.2121054059307192,
        1.5560284522098995
      ]
    },
    "random_rebalancing": {
      "total_return": -0.12122390101054104,
      "annualized_return": -0.05496753452028269,
      "cagr": -0.05451418223796156,
      "volatility": 0.23412056956191166,
      "sharpe": -0.628498070153697,
      "sortino": -1.014299844321704,
      "calmar": -0.15514612704485312,
      "max_drawdown": 0.354295241313961,
      "var": 0.024973648148465723,
      "cvar": 0.03119384724223382,
      "mean_daily_turnover": 0.49855247286430804,
      "annualized_turnover": 125.63522316180563,
      "transaction_cost_drag": 0.15522692750395894,
      "win_rate": 0.5017361111111112,
      "information_ratio": -1.398104527746676,
      "final_apv": 0.878776098989459,
      "allocation_entropy": 0.6829866622391523,
      "effective_n_holdings": 26.197484722075437,
      "mean_cash_weight": 0.01932519946912935,
      "frac_days_cash_gt90": 0.0,
      "frac_days_single_name_gt70": 0.0,
      "argmax_switches": 0,
      "mean_position_lifetime": 2.5267053701015967,
      "total_return_ci": [
        -0.12122390101053815,
        -0.5991620630059501,
        0.865277184015214
      ],
      "sharpe_ci": [
        -0.628498070153697,
        -2.1811748625796046,
        0.7642686668093539
      ]
    },
    "constant_cash": {
      "total_return": 0.3093870554449252,
      "annualized_return": 0.12516773223176614,
      "cagr": 0.12404262990781834,
      "volatility": 0.0008020814813967305,
      "sharpe": NaN,
      "sortino": NaN,
      "calmar": NaN,
      "max_drawdown": 0.0,
      "var": -0.00034749000000000585,
      "cvar": -0.0003389453333333551,
      "mean_daily_turnover": 0.0,
      "annualized_turnover": 0.0,
      "transaction_cost_drag": 0.0,
      "win_rate": 1.0,
      "information_ratio": -0.004430907548781737,
      "final_apv": 1.3093870554449252,
      "allocation_entropy": 9.179037747600897e-10,
      "effective_n_holdings": 1.0,
      "mean_cash_weight": 1.0,
      "frac_days_cash_gt90": 1.0,
      "frac_days_single_name_gt70": 0.0,
      "argmax_switches": 0,