{
  "focal_policy": "min_variance",
  "focal": {
    "total_return": 0.400403406812593,
    "annualized_return": 0.15873935356243596,
    "cagr": 0.15729200459297332,
    "volatility": 0.1483740571745721,
    "sharpe": 0.2717388043648019,
    "sortino": 0.4714811875460748,
    "calmar": 0.9277046793446997,
    "max_drawdown": 0.17110979075212196,
    "var": 0.014612705779077721,
    "cvar": 0.01780665528026869,
    "mean_daily_turnover": 0.010514636567454511,
    "annualized_turnover": 2.6496884149985367,
    "transaction_cost_drag": 0.0033287860932984525,
    "win_rate": 0.5138888888888888,
    "information_ratio": 0.34587667423638324,
    "final_apv": 1.400403406812593,
    "allocation_entropy": 0.4829367813294179,
    "effective_n_holdings": 10.06085555527961,
    "mean_cash_weight": 0.0,
    "frac_days_cash_gt90": 0.0,
    "frac_days_single_name_gt70": 0.0,
    "argmax_switches": 0,
    "mean_position_lifetime": 99.2289156626506,
    "total_return_ci": [
      0.4004034068126039,
      -0.14824061696499066,
      1.065159907900828
    ],
    "sharpe_ci": [
      0.2717388043648019,
      -1.2105027285016399,
      1.4085179214919985
    ]
  },
  "others": {
    "risk_parity": {
      "total_return": 0.24113604928677734,
      "annualized_return": 0.09912220845401398,
      "cagr": 0.09824132567834276,
      "volatility": 0.19581681492894099,
      "sharpe": -0.02177081453219399,
      "sortino": -0.03653634261732051,
      "calmar": 0.45997557000935524,
      "max_drawdown": 0.2154945064843291,
      "var": 0.01984132867005633,
      "cvar": 0.024930163448787294,
      "mean_daily_turnover": 0.0050369453922410184,
      "annualized_turnover": 1.2693102388447366,
      "transaction_cost_drag": 0.0014399630816650522,
      "win_rate": 0.5138888888888888,
      "information_ratio": -0.0739529155665052,
      "final_apv": 1.2411360492867773,
      "allocation_entropy": 0.7394517930340454,
      "effective_n_holdings": 40.44040386454721,
      "mean_cash_weight": 0.0,
      "frac_days_cash_gt90": 0.0,
      "frac_days_single_name_gt70": 0.0,
      "argmax_switches": 0,
      "mean_position_lifetime": 131.7846153846154,
      "total_return_ci": [
        0.24113604928679333,
        -0.3363763489364287,
        1.177262898083028
      ],
      "sharpe_ci": [
        -0.02177081453219399,
        -1.4537231688580308,
        1.2230094069480961
      ]
    },
    "min_variance_voltarget": {
      "total_return": 0.4189055395883323,
      "annualized_return": 0.16541243940288708,
      "cagr": 0.16390005572613786,
      "volatility": 0.12728542485330988,
      "sharpe": 0.33905101595723497,
      "sortino": 0.5974282870614984,
      "calmar": 1.1923289010521707,
      "max_drawdown": 0.13873054595667259,
      "var": 0.012121888791779303,
      "cvar": 0.014959648254036123,
      "mean_daily_turnover": 0.009638540044201376,
      "annualized_turnover": 2.4289120911387467,
      "transaction_cost_drag": 0.0028932794937805983,
      "win_rate": 0.5190972222222222,
      "information_ratio": 0.355076479911713,
      "final_apv": 1.4189055395883323,
      "allocation_entropy": 0.48579871691890353,
      "effective_n_holdings": 9.966456956160311,
      "mean_cash_weight": 0.12851715880045794,
      "frac_days_cash_gt90": 0.0,
      "frac_days_single_name_gt70": 0.0,
      "argmax_switches": 0,
      "mean_position_lifetime": 105.57142857142857,
      "total_return_ci": [
        0.4189055395883343,
        -0.0654526323088848,
        1.0111185437598083
      ],
      "sharpe_ci": [
        0.33905101595723497,
        -1.1274093525772404,
        1.529634932879309
      ]
    },
    "risk_parity_voltarget": {
      "total_return": 0.3154868916623583,
      "annualized_return": 0.12745795349894462,
      "cagr": 0.12631113252959225,
      "volatility": 0.12354149795151513,
      "sharpe": 0.07807101629799022,
      "sortino": 0.1362649985263041,
      "calmar": 1.066121999041008,
      "max_drawdown": 0.11955287820117666,
      "var": 0.012001214136435451,
      "cvar": 0.014952173548073084,
      "mean_daily_turnover": 0.004010502043282735,
      "annualized_turnover": 1.0106465149072492,
      "transaction_cost_drag": 0.0009568704893619939,
      "win_rate": 0.5260416666666666,
      "information_ratio": 0.09442114405039785,
      "final_apv": 1.3154868916623583,
      "allocation_entropy": 0.6020695156411164,
      "effective_n_holdings": 9.77905568375285,
      "mean_cash_weight": 0.3483118556199381,
      "frac_days_cash_gt90": 0.0,
      "frac_days_single_name_gt70": 0.0,
      "argmax_switches": 0,
      "mean_position_lifetime": 62.5979020979021,
      "total_return_ci": [
        0.315486891662353,
        -0.10062025257123622,
        0.8702657786689628
      ],
      "sharpe_ci": [
        0.07807101629799022,
        -1.3370702377078028,
        1.3177883512629995
      ]
    },
    "ubah": {
      "total_return": 0.3701921810698028,
      "annualized_return": 0.14773572428322823,
      "cagr": 0.14639490875204508,
      "volatility": 0.19980253284526134,
      "sharpe": 0.199019796951729,
      "sortino": 0.3178425623416006,
      "calmar": 0.700897749303986,
      "max_drawdown": 0.21078070864107434,
      "var": 0.020966955354402707,
      "cvar": 0.026318171200016487,
      "mean_daily_turnover": 0.0017020697167755988,
      "annualized_turnover": 0.4289215686274509,
      "transaction_cost_drag": 0.0002941193772365569,
      "win_rate": 0.5225694444444444,
      "information_ratio": 0.5568782051770416,
      "final_apv": 1.3701921810698028,
      "allocation_entropy": 0.7323772540327229,
      "effective_n_holdings": 37.234305188507996,
      "mean_cash_weight": 0.020228411840158753,
      "frac_days_cash_gt90": 0.0,
      "frac_days_single_name_gt70": 0.0,
      "argmax_switches": 0,
      "mean_position_lifetime": 207.4322033898305,
      "total_return_ci": [
        0.37019218106981167,
        -0.2571744490387857,
        1.4961522892089778
      ],
      "sharpe_ci": [
        0.199019796951729,
        -1.170853905707757,
        1.528223318980571
      ]
    },
    "ucrp": {
      "total_return": 0.13141251500326612,
      "annualized_return": 0.05550228547646019,
      "cagr": 0.05501872808091002,
      "volatility": 0.22902778350985267,
      "sharpe": -0.16459973043939907,
      "sortino": -0.2754268104372307,
      "calmar": 0.21380183988351617,
      "max_drawdown": 0.25959685616690215,
      "var": 0.022963444796954665,
      "cvar": 0.029202998809392026,
      "mean_daily_turnover": 0.010252115044635671,
      "annualized_turnover": 2.5835329912481892,
      "transaction_cost_drag": 0.0032059132455868333,
      "win_rate": 0.5,
      "information_ratio": -0.4079888874174425,
      "final_apv": 1.1314125150032661,
      "allocation_entropy": 0.7638329004097677,
      "effective_n_holdings": 51.0,
      "mean_cash_weight": 0.0196078431372549,
      "frac_days_cash_gt90": 0.0,
      "frac_days_single_name_gt70": 0.0,
      "argmax_switches": 0,
      "mean_position_lifetime": 400.0,
      "total_return_ci": [
        0.13141251500326367,
        -0.45417725799603126,
        1.2079431344510638
      ],
      "sharpe_ci": [
        -0.16459973043939907,
        -1.5478999418040085,
        1.15210836462024
      ]
    },
    "best_stock": {
      "total_return": 6.395704043750506,
      "annualized_return": 1.3998192990103164,
      "cagr": 1.3820639123104135,
      "volatility": 0.44713532667207967,
      "sharpe": 1.8486926437117615,
      "sortino": 3.2392916026170107,
      "calmar": 4.563497590891198,
      "max_drawdown": 0.3067426400759747,
      "var": 0.03531708128065307,
      "cvar": 0.05390635719744054,
      "mean_daily_turnover": 0.001736111111111111,
      "annualized_turnover": 0.4375,
      "transaction_cost_drag": 0.0003000000000638048,
      "win_rate": 0.5434027777777778,
      "information_ratio": 2.1197889533109384,
      "final_apv": 7.395704043750506,
      "allocation_entropy": 9.179037747600897e-10,