{
  "n_days": 2689,
  "total_return": 1.8682211732957201,
  "ranking_quality": {
    "1": {
      "n_days": 2689,
      "mean_spearman": 0.013135208255497643,
      "mean_top10_hit_rate": 0.22539062730583745,
      "n_active_days": 2689,
      "mean_spearman_active_days": 0.013135208255497643,
      "mean_top10_hit_rate_active_days": 0.22539062730583745
    },
    "5": {
      "n_days": 2689,
      "mean_spearman": 0.022030884351112334,
      "mean_top10_hit_rate": 0.234957233172183,
      "n_active_days": 2689,
      "mean_spearman_active_days": 0.022030884351112334,
      "mean_top10_hit_rate_active_days": 0.234957233172183
    },
    "21": {
      "n_days": 2689,
      "mean_spearman": 0.024244112954537024,
      "mean_top10_hit_rate": 0.24199826453452336,
      "n_active_days": 2689,
      "mean_spearman_active_days": 0.024244112954537024,
      "mean_top10_hit_rate_active_days": 0.24199826453452336
    }
  }
}